id,BedroomAbvGr,KitchenAbvGr,TotRmsAbvGrd,Fireplaces,GarageYrBlt,GarageCars,GarageArea,WoodDeckSF,OpenPorchSF,EnclosedPorch,3SsnPorch,ScreenPorch,PoolArea,MiscVal,MoSold,YrSold,SalePrice
254,2,1,4,1,1977.0,two,440,0,55,0,0,165,0,0,7,2010,127500
1066,1,1,5,1,1983.0,two,612,349,40,0,0,0,0,0,9,2009,316600
638,4,1,10,1,1998.0,two,420,144,123,0,0,0,0,0,7,2006,258000
799,3,1,8,0,1916.0,one,180,0,0,0,140,0,0,0,8,2009,135000
380,2,1,5,0,2005.0,two,438,108,0,0,0,0,0,0,3,2006,167240
303,3,1,7,1,1977.0,two,621,0,0,0,0,0,0,0,3,2006,217500
86,2,1,5,1,1959.0,one,312,0,0,0,0,163,0,0,5,2008,177000
1385,2,1,4,1,1990.0,one,352,0,0,34,0,0,0,0,3,2007,90350
265,4,1,8,0,1997.0,two,603,403,114,185,0,0,0,400,5,2008,200000
793,3,1,7,1,1985.0,two,476,192,46,0,0,0,0,0,6,2010,178000
1445,3,1,7,1,2005.0,two,532,0,70,0,0,0,0,0,5,2010,220000
808,4,2,8,0,1979.0,two,400,0,0,0,0,0,0,0,6,2009,118858
1099,3,1,6,0,1963.0,two,480,120,0,0,0,0,0,0,5,2010,137500
605,2,1,4,2,1979.0,two,600,42,0,0,0,0,0,0,12,2006,135960
701,3,1,7,1,1998.0,three,1069,0,126,0,0,0,0,0,5,2009,340000
221,3,1,6,0,-1.0,zero,0,36,56,0,0,0,0,0,7,2006,84500
113,3,1,6,1,1980.0,one,288,0,28,0,0,0,0,0,4,2009,120000
548,3,1,6,0,1992.0,two,400,120,26,0,0,0,0,0,7,2009,173000
1073,3,1,6,0,1965.0,one,276,736,68,0,0,0,0,0,6,2008,147500
174,4,1,9,1,1976.0,two,484,448,96,0,0,0,0,0,10,2009,197500
514,3,1,7,2,1953.0,two,450,166,120,192,0,0,0,0,10,2007,217000
1350,3,1,7,1,2007.0,three,890,0,56,0,0,0,0,0,7,2009,256300
1145,3,1,7,1,2000.0,two,504,188,124,0,0,0,0,0,11,2006,230500
965,2,1,4,0,1988.0,two,840,0,0,0,0,0,0,0,6,2008,139000
936,2,1,5,1,2006.0,two,538,123,0,0,0,153,0,0,12,2007,235000
285,3,1,7,0,2003.0,two,544,192,23,0,0,0,0,0,5,2006,200000
1310,3,1,6,1,1928.0,one,216,0,50,0,0,0,0,0,8,2009,145000
342,3,1,7,1,2004.0,three,856,0,26,0,0,170,0,0,1,2009,274900
1165,3,1,8,1,1940.0,two,520,0,0,126,0,0,0,0,7,2007,180500
31,2,1,4,0,1956.0,one,252,261,0,156,0,0,0,0,6,2007,132000
873,2,1,6,1,2005.0,two,440,142,20,0,0,0,0,0,4,2006,213490
210,3,1,7,1,1994.0,two,467,168,98,0,0,0,0,0,1,2009,248000
924,2,1,4,0,1956.0,one,283,0,0,0,0,0,0,0,4,2008,135750
405,3,1,6,1,2002.0,two,527,192,39,0,0,0,0,0,9,2007,192000
770,2,1,5,1,1994.0,three,757,0,114,192,0,0,0,0,7,2006,262000
381,3,1,5,0,1953.0,one,270,66,0,0,0,0,0,0,11,2009,123000
889,1,1,3,0,2004.0,two,420,160,0,0,0,0,0,0,5,2010,143000
1200,3,1,6,0,1959.0,one,672,0,0,0,0,0,0,0,7,2009,132500
188,3,1,9,1,1929.0,two,342,0,0,0,0,0,0,0,3,2009,177000
893,2,1,7,1,2009.0,three,478,195,130,0,0,0,0,0,10,2009,370878
1327,3,1,7,0,2005.0,two,660,160,24,0,0,0,0,0,1,2006,260000
420,3,1,8,2,2000.0,three,736,253,142,0,0,0,0,0,5,2009,313000
578,4,1,8,0,1988.0,two,492,325,12,0,0,0,0,0,6,2010,164000
83,2,1,5,0,1992.0,two,564,120,0,0,0,0,0,0,4,2010,147000
1274,2,1,3,1,1958.0,one,288,0,0,0,0,0,0,0,5,2009,100000
48,2,1,5,0,1983.0,two,504,240,0,0,0,0,0,0,12,2007,144000
155,2,1,7,0,1910.0,two,360,270,0,112,0,0,0,0,5,2007,132000
973,3,1,7,1,2002.0,two,586,199,60,0,0,0,0,0,11,2006,255000
1110,3,1,6,1,1962.0,one,288,0,0,0,0,0,0,0,4,2008,140000
950,3,1,8,1,1999.0,three,856,0,128,0,0,180,0,0,7,2009,337000
1030,2,1,4,1,1916.0,one,192,0,98,0,0,40,0,0,5,2009,121000
1435,3,1,6,0,1958.0,one,297,0,0,0,0,234,0,0,6,2009,155000
1196,2,1,5,0,1997.0,one,308,0,0,168,0,0,0,0,7,2007,108500
1442,3,1,7,1,2001.0,three,748,198,150,0,0,0,0,0,8,2006,275000
481,3,1,6,1,1965.0,two,502,0,92,0,96,0,0,0,10,2008,179900
179,2,1,4,0,1959.0,one,288,168,0,0,0,0,0,0,10,2006,120000
859,4,1,8,1,1994.0,three,711,517,76,0,0,0,0,0,7,2009,402000
1213,4,1,9,1,2006.0,two,576,239,132,0,168,0,0,0,3,2006,320000
583,3,1,4,0,1976.0,one,336,182,0,0,0,0,0,0,4,2010,85000
477,3,2,8,0,1915.0,one,379,0,0,202,0,0,0,0,5,2010,107400
1405,3,1,8,1,2006.0,three,753,177,74,0,0,0,0,0,10,2006,281000
1146,2,1,6,1,2007.0,two,617,210,54,0,0,0,0,0,12,2007,318061
1166,3,1,6,1,2005.0,two,400,100,38,0,0,0,0,0,3,2009,174000
346,2,1,5,0,1965.0,two,440,0,0,0,0,0,0,0,10,2009,100000
1214,2,1,4,0,1956.0,two,528,0,0,0,0,0,0,0,7,2009,82000
1137,4,1,9,0,1945.0,one,240,92,0,185,0,0,0,0,4,2009,98000
1365,2,1,5,0,2005.0,two,450,0,49,0,0,0,0,0,6,2007,157000
654,3,1,7,1,1928.0,two,360,0,0,116,0,0,0,0,10,2008,161000
988,5,1,10,1,1973.0,two,576,728,20,0,0,0,0,0,6,2006,151400
243,2,1,6,0,2003.0,two,474,0,27,0,0,0,0,0,10,2008,154000
1342,1,1,8,1,2010.0,three,834,113,0,0,0,0,0,0,6,2010,394432
1057,3,1,7,0,2004.0,two,380,0,40,0,0,0,0,0,4,2006,130000
1418,3,1,6,1,2006.0,two,440,0,22,0,0,0,0,0,3,2007,176432
1023,3,1,6,1,1995.0,two,402,220,21,0,0,0,0,0,6,2007,176000
810,4,1,7,0,1954.0,one,325,182,0,0,0,0,0,0,10,2006,136900
1384,4,1,10,1,1995.0,three,807,361,76,0,0,0,0,0,7,2006,625000
626,3,1,7,0,2007.0,two,484,0,30,0,0,0,0,0,1,2008,179900
813,3,1,7,1,1925.0,one,216,147,16,0,0,0,0,0,10,2009,137450
839,2,1,5,0,1957.0,two,440,0,0,0,0,0,0,0,7,2007,109900
370,3,1,6,1,1965.0,two,440,0,138,0,0,0,0,0,12,2006,160000
54,3,1,6,1,1976.0,two,528,536,90,0,0,0,0,0,8,2007,134000
534,3,1,6,0,1950.0,one,288,0,0,96,0,0,0,0,4,2008,119000
785,4,1,7,0,-1.0,zero,0,0,0,138,0,0,0,0,6,2006,102000
312,3,1,8,1,1957.0,two,484,0,0,0,0,0,0,0,1,2006,155000
1174,3,1,7,0,-1.0,zero,0,0,0,144,0,0,0,0,8,2007,115000
109,3,1,6,0,1950.0,one,276,0,80,0,0,0,0,0,5,2007,119000
430,3,1,6,0,2000.0,two,541,219,36,0,0,0,0,0,9,2006,235000
100,3,1,6,0,1986.0,two,480,0,0,0,0,0,0,0,5,2010,152000
513,5,2,9,0,1989.0,three,766,0,0,0,0,0,0,0,7,2006,171000
1190,3,1,6,0,2003.0,two,484,280,238,0,0,0,0,0,6,2008,200000
266,3,1,7,0,2003.0,one,384,0,0,0,0,259,0,0,7,2007,153575
1290,4,1,6,0,1920.0,one,216,0,66,136,0,0,0,0,5,2010,128000
296,3,1,7,0,1997.0,two,470,276,99,0,0,0,0,0,8,2009,231500
506,2,1,5,1,1926.0,one,180,0,128,0,0,0,0,0,5,2007,102000
901,3,1,6,1,1925.0,two,546,0,0,234,0,0,0,0,8,2006,178000
809,3,1,6,1,1976.0,two,572,100,110,0,0,0,0,0,6,2007,129900
377,3,1,5,0,1995.0,two,576,112,0,0,0,0,0,0,4,2009,141500
286,3,1,7,1,1981.0,two,467,0,0,99,0,0,0,0,4,2007,182900
1400,3,1,6,0,1958.0,one,308,0,0,0,0,0,0,0,8,2007,139000
1048,3,1,8,1,2005.0,three,800,0,116,0,0,0,0,0,6,2006,239900
126,3,1,7,2,1939.0,one,240,0,0,264,0,0,0,0,6,2007,175000
618,4,1,11,1,2005.0,three,716,214,108,0,0,0,0,0,7,2006,556581
292,4,1,7,0,1989.0,one,423,245,0,156,0,0,0,1300,7,2008,160000
527,3,1,6,0,1974.0,two,588,0,0,180,0,0,0,0,4,2008,137500
1255,3,1,6,0,1940.0,one,352,0,0,77,0,0,0,0,4,2006,79000
482,3,1,5,1,1929.0,one,208,0,0,112,0,0,0,0,7,2008,120000
355,2,1,7,1,2005.0,two,620,165,44,0,0,0,0,0,9,2009,257000
170,2,1,5,1,1960.0,one,352,0,213,176,0,0,0,0,5,2008,157000
1195,2,1,6,1,2004.0,two,484,192,30,0,0,0,0,0,7,2008,207000
661,4,1,6,1,1977.0,one,336,104,26,0,0,0,0,0,7,2006,127000
1234,3,1,7,1,1950.0,two,566,436,21,0,0,0,0,500,4,2006,170000
209,3,1,7,1,2005.0,two,410,36,18,0,0,0,0,0,10,2008,189000
485,2,1,5,0,1973.0,one,264,72,0,0,0,0,0,0,6,2006,83000
140,3,1,6,1,1939.0,one,312,0,0,0,0,0,0,0,10,2006,140200
1189,3,1,6,0,1966.0,,408,0,0,0,0,0,0,0,12,2008,109900
943,3,1,6,0,2005.0,two,508,264,98,0,0,0,0,0,1,2007,203000
621,3,1,5,1,1973.0,one,336,416,144,0,0,0,0,0,4,2010,138500
1157,2,1,5,0,1931.0,one,180,48,0,0,0,0,0,0,11,2009,105000
1322,3,1,6,0,1968.0,one,300,147,0,0,0,0,0,0,5,2007,108000
704,3,1,6,0,2009.0,two,552,135,112,0,0,0,0,0,9,2009,229456
1323,3,1,7,1,2003.0,two,433,100,48,0,0,0,0,0,10,2007,225000
199,2,1,6,0,-1.0,zero,0,0,0,156,0,0,0,0,10,2009,85000
493,2,1,5,0,1957.0,one,308,0,0,0,0,0,0,0,7,2006,129900
664,3,1,7,0,2009.0,two,614,169,45,0,0,0,0,0,6,2010,215200
1339,4,1,10,2,1934.0,two,380,0,0,0,0,0,0,0,9,2007,359100
1058,3,1,6,0,1973.0,one,286,120,96,0,0,0,0,0,5,2010,83500
1187,3,1,6,0,1959.0,one,300,0,0,0,0,0,0,0,5,2006,141000
10,4,1,8,1,1976.0,two,551,0,224,0,0,0,0,0,6,2007,195000
147,2,1,4,1,1954.0,one,275,0,0,120,0,0,0,0,7,2006,137000
764,4,2,9,0,-1.0,zero,0,0,70,0,0,0,0,0,9,2008,145900
282,3,1,7,1,2008.0,three,840,0,36,0,0,0,0,0,5,2009,287090
298,4,1,9,1,2002.0,two,779,0,0,0,0,0,0,0,5,2008,255900
918,3,1,6,0,1962.0,one,312,261,39,0,0,0,0,0,4,2010,157900
291,3,1,7,0,1999.0,two,588,0,88,0,0,0,0,0,6,2008,193000
819,3,1,7,1,1976.0,two,440,48,0,0,0,0,0,0,7,2007,155000
573,3,1,5,0,1965.0,one,288,180,0,0,0,0,0,0,11,2006,137000
1454,3,1,8,1,2007.0,three,768,327,64,0,0,0,0,0,2,2009,320000
549,2,1,5,1,1989.0,two,569,80,0,0,0,396,0,0,8,2009,275000
462,3,1,7,0,1996.0,two,422,144,122,0,0,0,0,0,7,2007,204000
129,3,1,8,0,1937.0,one,240,0,0,293,0,0,0,0,6,2006,124000
845,4,1,8,1,1997.0,two,642,0,0,0,0,0,0,0,11,2006,222000
331,3,1,7,0,1970.0,two,440,0,36,0,0,0,0,0,5,2009,125000
323,3,1,7,1,2002.0,two,647,192,87,0,0,0,0,0,8,2007,228500
650,4,1,12,2,1993.0,three,840,0,260,0,0,410,0,0,6,2006,475000
439,4,1,8,1,2000.0,two,554,224,54,0,0,0,0,0,4,2009,236000
798,3,1,8,1,2006.0,two,440,0,0,0,0,0,0,0,7,2007,155835
135,2,1,6,0,1981.0,one,308,0,176,0,0,0,0,0,6,,120000
1452,1,1,2,0,-1.0,zero,0,0,0,0,0,0,0,0,1,2007,39300
762,3,1,7,0,1960.0,two,528,0,39,0,0,0,0,0,10,2008,142000
932,2,1,6,0,2006.0,two,632,105,54,0,0,0,0,0,7,2006,194000
435,3,1,5,0,1956.0,one,288,64,0,0,0,160,0,0,10,2009,112000
629,3,1,7,1,1980.0,two,476,0,50,0,0,204,0,0,4,2010,171000
1210,1,1,3,0,2003.0,two,420,140,0,0,0,0,0,0,3,2008,136500
1118,4,1,8,2,1966.0,two,487,105,66,0,0,0,0,0,5,2006,226000
1084,4,1,7,0,1923.0,one,312,0,0,228,0,0,0,0,3,2006,125000
158,3,1,5,1,1956.0,one,280,0,36,0,0,0,0,0,10,2007,119000
967,3,1,6,1,1923.0,two,528,0,312,0,0,0,0,0,5,2009,223500
1259,4,1,8,1,1958.0,two,451,0,0,0,0,0,0,0,7,2006,172500
551,4,1,10,2,2006.0,three,706,0,0,0,0,0,0,0,4,2006,437154
497,4,1,10,1,1918.0,three,864,0,0,0,0,0,0,0,11,2007,239000
1031,3,1,7,0,1992.0,two,484,0,124,0,0,0,0,0,7,2006,175900
1262,3,1,7,1,1967.0,two,457,0,0,0,0,197,0,0,9,2009,161500
1013,3,1,5,0,1972.0,one,280,0,0,0,0,0,0,0,7,2006,116050
1311,3,1,8,1,2004.0,two,388,100,75,0,0,0,0,0,2,2008,184000
566,3,1,6,1,1976.0,two,479,0,0,0,0,0,0,0,6,2009,152000
610,3,1,7,0,2005.0,two,603,0,108,0,0,0,0,0,2,2008,226700
1278,4,1,10,2,1996.0,three,813,171,78,0,0,0,555,0,7,2007,745000
1263,3,1,7,0,1958.0,one,315,0,0,0,0,0,0,0,7,2007,144000
816,2,1,5,1,1927.0,two,360,0,0,130,0,0,0,0,3,2010,115000
438,2,1,7,1,1979.0,two,672,120,144,0,0,0,0,0,5,2006,169000
940,3,1,6,1,1960.0,one,286,0,0,36,0,0,0,600,8,2007,139900
96,3,1,7,1,1998.0,two,592,208,75,0,0,374,0,0,6,2006,280000
560,4,1,5,0,1928.0,one,216,0,0,0,0,0,0,0,8,2007,64500
1182,3,1,9,1,2006.0,three,947,192,62,0,0,0,0,0,8,2007,280000
471,3,1,7,1,1980.0,two,612,384,131,0,0,0,0,0,5,2006,207500
1004,3,1,5,0,-1.0,zero,0,0,0,0,0,0,0,0,6,2006,88000
410,2,1,4,0,-1.0,zero,0,0,523,115,0,0,0,0,11,2009,34900
963,3,1,7,0,2002.0,two,493,144,68,0,0,0,0,0,7,2009,195000
582,3,1,7,1,1993.0,two,425,234,72,192,0,0,0,0,7,2009,213000
156,2,1,6,1,2008.0,three,912,228,0,0,0,0,0,0,9,2009,315500
594,4,1,9,1,1920.0,one,216,0,0,40,0,0,0,0,7,2006,200100
617,3,1,6,1,1972.0,two,495,0,0,216,0,126,0,0,5,2007,144000
447,2,1,5,0,1958.0,one,275,0,0,0,0,0,0,0,7,2007,114500
1205,3,1,6,1,1930.0,one,280,0,0,205,0,0,0,0,6,2007,139400
861,4,2,11,0,1971.0,two,560,0,0,114,0,0,0,0,4,2010,122500
1010,3,1,5,0,-1.0,zero,0,0,24,0,0,0,0,0,7,2008,80000
390,6,2,12,0,1979.0,two,528,154,0,0,0,0,0,0,6,2009,142953
1409,3,1,6,1,1958.0,one,338,289,0,0,0,0,0,0,4,2009,139000
847,4,2,9,1,1900.0,two,506,0,0,0,0,99,0,0,11,2007,133900
1284,4,1,8,2,1965.0,two,492,60,84,0,0,273,0,0,5,2008,201800
615,3,1,7,1,2000.0,three,839,0,184,0,0,0,0,0,6,2008,235000
613,3,1,6,1,1979.0,one,544,0,162,0,0,126,0,0,12,2007,141000
1303,3,1,6,0,1970.0,one,286,238,0,0,0,0,0,0,8,2009,88000
486,3,1,6,1,2005.0,two,400,0,0,0,0,0,0,0,7,2006,164990
561,2,2,6,0,1967.0,two,516,0,0,0,0,0,0,500,10,2006,90000
308,3,1,6,1,1976.0,two,672,144,0,0,0,0,0,0,3,2010,107000
461,3,1,6,2,1957.0,one,336,0,40,0,0,0,0,0,5,2007,150000
1142,2,1,5,0,1993.0,two,530,0,63,0,0,0,0,0,3,2008,153900
730,3,1,6,0,1999.0,two,577,120,25,0,0,0,0,0,7,2008,191000
1155,3,1,6,1,1995.0,two,409,315,44,0,0,0,0,0,7,2006,187500
1203,3,1,6,2,1975.0,two,611,0,0,0,0,0,0,0,1,2007,171000
700,3,1,7,1,2007.0,three,722,100,36,0,0,0,0,0,12,2007,239000
849,3,1,7,1,2001.0,two,905,0,45,0,0,189,0,0,9,2008,287000
1260,2,1,6,1,1995.0,two,481,0,30,0,0,216,0,0,4,2006,270000
787,2,1,4,0,2004.0,two,480,0,60,0,0,0,0,0,3,2007,148800
352,3,1,7,1,1993.0,two,389,342,40,0,0,0,0,0,12,2009,178000
710,3,1,6,1,1990.0,two,601,0,51,0,0,190,0,0,5,2008,176500
124,3,1,6,0,1961.0,two,588,144,76,0,0,0,0,0,7,2008,178400
178,2,1,4,0,1977.0,two,440,0,55,0,0,200,0,0,10,2008,140000
287,3,1,7,0,2005.0,two,528,0,46,0,0,0,0,800,8,2009,110000
1407,3,1,5,0,1967.0,one,288,64,0,0,0,0,0,0,6,2009,130000
1208,2,1,7,0,1963.0,two,456,48,0,244,0,0,0,0,9,2009,124900
294,2,1,4,0,1953.0,one,240,0,0,0,0,0,0,0,4,2008,110000
327,3,1,7,1,1989.0,two,575,0,84,0,196,0,0,0,1,2007,228500
1456,2,1,5,0,1976.0,two,440,0,60,0,0,0,0,0,10,2009,143750
841,3,1,8,0,1955.0,one,300,121,0,0,0,265,0,0,4,2008,135500
1121,3,1,7,1,1962.0,two,440,0,0,0,0,128,0,0,6,2006,159000
931,3,1,8,1,2007.0,three,789,178,120,0,0,0,0,0,11,2007,325624
236,2,1,6,0,1952.0,one,308,0,0,0,0,0,0,0,9,2006,123500
88,3,1,5,1,1973.0,two,439,224,0,0,0,0,0,0,11,2008,157000
886,2,1,5,0,1921.0,two,432,0,0,44,0,0,0,0,8,2009,163500
552,3,1,5,0,1965.0,one,384,0,0,0,0,0,0,0,2,2008,129500
630,1,1,7,1,2006.0,three,648,312,0,0,0,0,0,0,10,2006,264561
1352,3,1,7,0,2004.0,two,565,0,70,0,0,0,0,0,8,2006,196500
665,3,1,7,1,1940.0,one,240,335,0,0,0,0,0,0,7,2009,139500
900,3,1,8,1,1930.0,two,360,0,0,0,0,0,0,0,6,2008,162900
290,3,1,7,1,1992.0,two,392,100,25,0,0,0,0,0,7,2007,163900
1382,2,1,6,1,2005.0,two,576,196,82,0,0,0,0,0,2,2010,319900
570,3,1,12,3,2008.0,two,1418,214,292,0,0,0,480,0,1,2008,160000
348,3,1,7,1,1977.0,two,528,138,0,0,0,0,0,0,4,2007,143500
544,2,1,6,1,1957.0,one,299,268,0,0,0,122,0,0,5,2006,141000
1376,3,1,5,1,1965.0,one,360,0,0,236,0,0,0,0,12,2009,62383
660,3,1,6,0,1970.0,one,286,0,0,0,0,0,0,0,1,2007,75000
1111,4,1,7,1,1954.0,one,280,0,0,0,0,0,0,0,8,2006,91500
458,2,1,5,0,-1.0,zero,0,0,0,0,0,0,0,0,7,2008,52000
1005,3,1,6,1,-1.0,zero,0,0,0,0,0,0,0,0,5,2009,97000
333,2,1,5,0,2006.0,three,826,140,93,0,0,0,0,0,5,2007,194000
721,3,1,8,0,1998.0,two,527,120,155,0,0,0,0,0,7,2008,188000
1289,4,1,8,1,2004.0,two,610,159,214,0,0,0,0,0,12,2007,340000
678,2,1,10,1,1976.0,two,665,0,72,174,0,0,0,0,5,2008,287000
1354,4,1,8,0,1990.0,two,693,0,0,0,0,0,0,0,4,2006,250000
328,4,1,8,1,1998.0,three,696,0,66,0,0,0,0,0,6,2008,315000
318,2,1,5,0,-1.0,zero,0,164,0,0,0,0,0,0,12,2009,82500
1438,4,1,9,1,1968.0,two,486,0,43,0,0,0,0,0,4,2008,176000
908,2,1,7,1,2005.0,two,437,156,20,0,0,0,0,0,5,2008,191000
12,2,1,5,1,2008.0,two,482,162,53,0,153,0,0,0,11,2008,392500
171,3,1,7,3,1965.0,two,486,0,42,0,0,189,0,0,10,2009,205000
260,3,1,8,1,1995.0,two,431,224,84,0,0,0,0,0,6,2008,188000
778,2,1,6,1,2005.0,two,484,192,36,0,0,0,0,0,6,2006,185850
818,4,1,8,0,-1.0,zero,0,0,54,20,0,0,0,0,12,2008,122000
759,4,2,10,0,1948.0,two,400,0,0,0,0,0,0,0,7,2007,137000
138,2,1,5,0,1996.0,two,624,0,24,0,0,192,0,0,7,2007,132500
1209,2,1,5,0,1966.0,one,384,0,42,0,0,0,0,0,11,2006,107000
885,1,1,6,2,1959.0,two,484,0,54,0,0,161,0,0,3,2010,289000
741,3,1,5,0,1967.0,two,450,0,0,0,0,0,0,0,5,2008,130000
139,3,1,5,0,1959.0,one,312,0,0,0,0,0,0,0,8,2008,145500
1276,3,1,6,1,2000.0,two,451,74,234,0,0,0,0,0,10,2009,213000
1081,3,1,5,0,1961.0,two,544,168,0,0,0,0,0,400,5,2007,129000
224,3,1,6,0,2000.0,two,539,120,55,0,0,0,0,0,12,2007,179000
1063,4,2,9,0,1910.0,one,440,0,60,112,0,0,0,0,4,2006,137000
409,3,2,7,0,-1.0,zero,0,0,0,0,0,0,0,3500,7,2010,55000
325,3,1,6,0,2009.0,two,650,208,114,0,0,0,0,0,7,2009,224500
299,2,1,5,1,1995.0,two,608,237,152,0,0,0,0,0,3,2010,236500
1242,2,1,5,0,1983.0,two,576,120,0,0,0,0,0,0,4,2009,134900
705,2,1,6,1,2005.0,two,564,495,72,0,0,0,0,0,7,2008,266000
1235,3,1,11,1,2007.0,three,884,208,406,0,0,0,0,0,10,2007,184750
1355,3,1,7,1,1941.0,one,234,0,0,0,0,0,0,0,7,2009,174500
903,3,1,5,0,1981.0,one,280,0,0,0,0,0,0,0,7,2007,119500
829,2,1,6,1,2003.0,two,478,148,36,0,0,0,0,0,3,2006,171750
503,3,1,7,1,1968.0,two,539,224,0,0,0,0,0,0,6,2007,175000
1336,4,1,8,1,1987.0,two,576,201,96,0,0,0,0,0,8,2007,301000
3,3,1,7,1,2004.0,two,636,255,57,0,0,0,0,0,8,2007,307000
1313,2,1,7,1,2007.0,three,660,143,20,0,0,0,0,0,6,2009,174000
467,2,1,11,2,2009.0,three,820,0,67,0,0,0,0,0,3,2010,611657
321,2,1,,1,1948.0,one,240,0,130,0,0,0,0,0,11,2007,119200
5,3,1,5,0,1953.0,one,246,0,52,0,0,0,0,0,1,2010,109000
1239,2,1,4,0,1951.0,two,400,0,0,0,0,0,0,0,6,2010,141000
1093,3,1,7,2,1950.0,two,420,0,24,36,0,0,0,0,10,2006,159000
715,3,1,6,0,1966.0,two,528,0,0,0,0,168,0,0,6,2010,125500
39,3,1,7,0,2000.0,two,663,0,96,0,0,0,0,0,1,2010,216000
542,2,1,4,0,1926.0,one,180,0,0,105,0,0,0,0,1,2009,119000
242,4,1,7,0,1934.0,one,400,0,0,254,0,0,0,0,3,2008,140000
136,1,1,4,2,1996.0,two,500,120,30,0,0,224,0,0,12,2008,245500
714,2,1,6,1,2004.0,two,430,146,20,0,0,144,0,0,4,2010,192000
737,3,1,7,1,1964.0,two,440,239,42,0,0,0,0,0,7,2007,187000
1301,3,1,7,1,1988.0,two,454,60,55,0,0,154,0,0,4,2007,277000
1043,2,1,4,0,-1.0,zero,0,0,20,0,0,0,0,0,3,2006,52500
1330,3,1,7,0,-1.0,zero,0,136,0,115,0,0,0,0,3,2007,127000
1103,2,1,5,0,2007.0,two,430,80,64,0,0,0,0,0,4,2007,155000
752,2,1,7,1,2006.0,three,908,250,63,0,0,0,0,0,7,2007,440000
1353,3,1,6,1,2005.0,two,453,38,144,0,0,0,0,0,4,2006,176000
376,3,1,5,0,1980.0,two,720,194,0,0,0,0,0,0,7,2007,129000
314,2,1,6,1,2005.0,two,474,132,35,0,0,0,0,0,3,2006,202665
442,3,1,6,1,1955.0,two,454,0,418,0,0,312,0,0,7,2006,170000
319,3,1,5,1,1960.0,one,216,0,0,208,0,0,0,0,5,2009,117000
767,3,1,6,1,1996.0,two,550,158,61,0,0,0,0,0,4,2009,212000
756,2,1,6,2,1914.0,two,320,0,341,0,0,0,0,0,10,2006,163000
424,3,1,7,1,2000.0,two,390,24,48,0,0,0,0,0,7,2009,244000
553,3,1,7,0,-1.0,zero,0,201,0,0,0,0,0,0,4,2006,91500
1035,3,1,7,1,1997.0,two,508,140,39,0,0,0,0,0,4,2008,208900
953,6,2,10,0,1987.0,two,576,0,0,0,0,0,0,0,11,2008,142600
1185,3,1,8,1,1928.0,one,225,0,0,0,0,0,0,0,8,2006,149000
596,3,1,5,0,1957.0,one,294,250,0,0,0,0,0,0,6,2010,145000
227,4,1,9,1,2004.0,three,691,113,32,0,0,0,0,0,9,2006,309000
1106,3,1,7,0,2006.0,three,868,0,90,0,0,0,0,0,8,2006,239799
771,2,1,5,0,1941.0,two,360,0,0,244,0,0,0,0,12,2007,87000
933,2,1,6,0,1967.0,one,338,0,0,198,0,0,0,0,10,2009,105000
1417,3,1,5,1,1950.0,one,264,0,80,120,0,0,0,0,7,2009,147000
66,3,1,9,1,1968.0,two,508,0,80,0,290,0,0,0,6,2006,262500
999,3,1,5,0,1969.0,two,440,171,48,0,0,0,0,0,7,2009,156000
579,3,1,5,0,1981.0,two,576,0,0,34,0,0,0,0,10,2008,147000
942,2,1,6,2,1940.0,one,240,0,0,108,0,0,0,0,6,2006,140000
211,3,1,5,0,1961.0,one,261,64,0,39,0,0,0,0,4,2007,118500
1148,3,1,6,1,1977.0,one,358,203,0,0,0,0,576,0,7,2008,171000
745,3,1,10,1,2008.0,three,842,382,274,0,0,0,0,0,6,2009,451950
536,2,1,5,0,2005.0,two,484,106,0,0,0,0,0,0,5,2010,105900
1286,4,1,7,0,1969.0,two,462,208,0,0,0,0,0,0,4,2007,152000
1295,3,1,9,1,2005.0,three,936,154,210,0,0,0,0,0,7,2008,250000
85,3,1,7,0,2004.0,two,532,0,0,0,0,0,0,0,3,2010,214000
1314,3,1,8,0,1984.0,two,440,108,45,0,0,0,0,400,5,2006,202500
974,2,1,6,1,2006.0,two,550,192,38,0,0,0,0,0,12,2009,254000
976,3,1,7,1,2006.0,two,776,0,140,0,0,0,0,0,6,2006,232600
631,4,1,7,1,1969.0,two,530,305,189,0,0,0,0,400,9,2008,172000
1315,3,1,6,1,2007.0,three,870,192,80,0,0,0,0,0,11,2007,248900
1383,2,1,5,0,1948.0,two,812,0,116,230,0,0,0,0,6,2007,153500
1401,1,1,3,0,-1.0,zero,0,96,24,0,0,0,0,0,5,2010,75500
949,3,1,6,0,1995.0,two,672,392,64,0,0,0,0,0,6,2009,145000
273,2,1,6,1,2006.0,two,472,120,33,0,0,0,0,0,12,2007,265900
1034,2,1,5,1,1987.0,two,504,441,35,0,0,0,0,0,6,2006,239000
362,4,1,7,1,1949.0,three,720,418,0,194,0,0,0,0,6,2008,153900
622,3,1,5,0,1962.0,two,440,0,0,0,0,385,0,0,2,2010,160000
2,3,1,6,0,1991.0,one,280,0,0,0,0,0,0,0,5,2009,112000
6,4,1,11,2,1994.0,two,831,0,204,0,0,0,0,0,7,2008,299800
311,3,1,7,1,1978.0,two,478,0,0,0,0,0,0,0,4,2009,157000
668,3,1,8,1,1993.0,two,471,182,81,0,0,0,0,0,9,2006,215000
1037,2,1,4,0,1952.0,two,504,0,0,0,0,0,0,54,6,2010,55993
1439,3,1,9,1,-1.0,zero,0,0,291,134,0,0,0,0,6,2008,128000
215,3,1,9,2,1926.0,one,282,0,0,0,0,145,0,0,6,2009,234000
1119,4,2,9,1,1960.0,one,308,0,0,264,0,0,0,0,1,2007,122000
27,2,1,4,0,1999.0,two,462,0,48,0,0,0,0,0,3,2008,160000
1055,3,1,8,1,1993.0,two,574,156,90,0,0,0,0,0,6,2010,236000
824,4,1,8,1,1988.0,two,521,0,228,0,0,192,0,0,9,2007,211000
1415,5,1,8,2,1920.0,two,520,0,547,0,0,480,0,1150,6,2008,256000
1198,4,1,7,1,1948.0,one,312,0,0,108,0,0,0,0,8,2008,135000
1280,2,1,6,0,2007.0,two,628,105,54,0,0,0,0,0,9,2007,195400
624,4,1,7,1,1920.0,one,368,55,0,0,0,0,0,0,6,2009,104900
807,3,1,7,1,2008.0,three,800,192,44,0,0,0,0,0,4,2008,293077
256,3,1,5,0,1957.0,one,288,0,0,0,0,0,0,0,6,2008,112500
25,5,1,10,0,1930.0,two,441,0,60,268,0,0,0,0,7,2009,214500
336,3,1,8,2,1994.0,two,463,0,130,0,0,0,0,0,5,2010,205000
572,3,1,5,1,1988.0,two,540,292,44,0,182,0,0,0,12,2009,222000
47,3,1,7,0,1930.0,two,324,0,0,0,0,0,0,0,7,2009,143000
106,4,2,8,0,-1.0,zero,0,128,0,0,0,0,0,0,4,2010,139000
349,4,1,7,1,1950.0,two,576,0,29,39,0,0,0,0,6,2007,243000
55,3,1,6,2,1960.0,two,498,0,40,0,0,0,0,0,12,2009,157500
1443,3,1,5,0,1959.0,one,294,0,0,0,0,0,0,1200,7,2007,106500
213,2,1,7,1,2007.0,three,895,0,49,0,0,0,0,0,2,2007,147000
120,3,1,7,0,2008.0,three,776,160,33,0,0,0,0,0,2,2010,245350
1206,3,1,6,0,2001.0,two,605,0,33,0,0,0,0,0,6,2009,187100
1388,3,1,8,0,2005.0,two,400,100,24,0,0,0,0,0,7,2008,176000
72,3,1,7,1,2001.0,two,531,160,122,0,0,0,0,0,11,2009,261500
743,3,1,7,1,2007.0,three,826,208,44,0,0,0,0,0,9,2009,297000
1188,4,1,7,1,1991.0,two,680,0,59,0,0,0,0,0,7,2008,134432
45,3,1,6,1,1979.0,two,550,0,88,216,0,0,0,0,11,2007,197000
1230,2,1,7,1,1954.0,one,244,0,98,0,0,0,0,0,3,2010,132000
523,3,1,5,2,1963.0,three,995,0,263,0,0,263,0,0,5,2007,186700
826,3,1,8,0,1948.0,one,230,103,0,0,0,0,0,0,8,2006,225000
867,3,1,6,1,2005.0,two,397,100,0,0,23,0,0,0,10,2006,169990
1199,4,2,8,0,1976.0,two,528,0,0,0,0,0,0,0,6,2007,136905
757,4,1,7,1,2005.0,two,372,100,40,0,0,0,0,0,7,2006,192140
533,3,2,7,1,2003.0,two,672,0,25,212,0,0,0,0,4,2008,163000
603,2,2,6,0,-1.0,zero,0,0,0,0,0,0,0,0,6,2008,82000
465,2,1,4,0,1996.0,two,436,290,0,0,0,0,0,0,2,2010,128000
1391,4,1,8,0,1933.0,one,180,24,0,150,0,0,0,0,5,2007,137500
1244,3,1,6,0,1978.0,one,336,0,0,0,0,0,0,0,7,2009,136500
1080,2,1,6,0,1936.0,one,327,0,28,0,0,0,0,0,4,2006,106500
904,3,1,6,0,1959.0,one,305,218,0,0,0,0,0,0,5,2010,154000
60,2,1,4,0,2005.0,two,480,0,166,0,0,0,0,0,7,2006,147400
92,4,1,10,2,1940.0,one,349,56,0,318,0,0,0,0,6,2010,244400
666,3,1,6,1,1962.0,one,296,64,110,0,0,0,0,0,12,2008,165000
727,3,1,7,0,1940.0,one,240,0,0,0,0,0,0,0,4,2007,126000
194,3,1,5,0,1971.0,two,528,55,0,0,216,0,0,0,10,2008,145000
280,3,1,6,1,1990.0,two,719,0,244,0,0,0,0,0,5,2007,179900
359,2,1,5,0,1960.0,one,301,0,0,0,0,0,0,15500,4,2007,151500
519,2,1,5,0,-1.0,zero,0,0,0,144,0,0,0,0,7,2007,86000
1455,4,1,6,1,1939.0,one,280,45,0,0,0,0,0,0,5,2009,132500
923,3,1,8,1,2007.0,three,786,171,138,0,0,266,0,0,9,2007,311872
182,3,1,5,0,1954.0,one,248,0,0,0,0,0,0,0,2,2007,111000
987,3,1,6,0,1999.0,two,666,0,35,0,0,0,0,0,9,2009,192000
110,4,1,9,1,2000.0,three,836,192,84,0,0,0,0,0,12,2008,250000
42,3,1,6,2,1980.0,two,588,233,48,0,0,0,0,0,6,2009,187500
1236,5,1,8,0,1930.0,one,205,0,48,0,0,0,0,0,5,2007,117500
204,4,1,8,1,2003.0,two,434,100,48,0,0,0,0,0,7,2007,219500
983,3,1,4,1,1976.0,one,336,141,24,0,0,0,0,0,6,2008,115000
52,3,1,9,1,1999.0,two,490,0,0,0,0,0,0,0,5,2009,225000
545,3,1,6,1,1971.0,two,500,0,0,0,0,0,0,0,4,2010,149900
945,2,1,6,0,1960.0,one,254,0,16,0,0,0,0,0,4,2007,135000
852,3,1,6,1,1968.0,one,304,0,85,184,0,0,0,0,7,2010,142000
1413,2,1,7,0,1991.0,two,660,237,0,0,0,0,0,0,5,2007,128500
1375,3,1,6,0,1999.0,two,440,0,24,0,0,0,0,0,3,2009,172500
183,3,1,7,0,2005.0,two,540,100,35,0,0,0,0,0,2,2009,173500
137,3,1,6,0,2003.0,two,595,0,45,0,0,0,0,0,6,2008,183000
926,3,1,7,0,2005.0,three,865,144,59,0,0,0,0,0,7,2006,221500
80,2,1,5,1,2004.0,two,482,128,53,0,0,155,0,0,1,2008,275000
1364,3,1,5,0,1953.0,two,414,196,0,150,0,0,0,0,10,2008,116000
105,3,1,7,1,1976.0,two,512,113,100,0,0,0,0,0,8,2007,187000
541,3,1,5,0,1926.0,one,216,0,0,183,0,0,0,0,10,2007,152000
706,3,1,6,1,1961.0,one,288,0,0,0,0,0,0,0,6,2006,135000
480,2,1,4,0,2009.0,two,528,0,234,0,0,0,0,0,6,2009,173733
165,2,1,5,0,1938.0,one,200,0,0,96,0,0,0,0,6,2010,58500
248,3,1,6,0,2004.0,two,520,138,45,0,0,0,0,0,12,2008,173000
307,3,1,6,0,1997.0,two,576,168,27,0,0,0,0,0,7,2006,217000
446,2,1,5,1,1978.0,two,470,0,0,0,0,192,0,0,6,2007,156000
712,3,1,8,0,2006.0,two,639,144,53,0,0,0,0,0,4,2007,213500
334,3,1,7,1,1998.0,two,583,78,73,0,0,0,0,0,6,2009,213250
97,2,1,7,1,2006.0,three,648,120,16,0,0,0,0,0,2,2007,194201
724,3,1,6,0,2007.0,two,396,100,30,0,0,0,0,0,8,2007,181134
905,3,1,7,1,2003.0,three,880,0,0,0,0,0,0,0,10,2009,284000
899,2,1,5,0,-1.0,zero,0,0,0,96,0,0,0,0,4,2008,98000
102,2,1,5,0,1962.0,two,539,0,23,112,0,0,0,0,1,2009,103000
434,3,1,6,0,1999.0,two,440,0,0,0,0,0,0,0,8,2008,179400
1007,5,1,12,2,1978.0,two,564,0,112,0,0,440,519,2000,7,2006,250000
1305,3,1,5,0,1968.0,one,288,33,0,0,0,0,0,600,11,2009,130000
834,3,1,6,1,1973.0,two,528,0,0,0,0,0,0,0,9,2007,175500
1324,4,1,7,0,1966.0,two,484,0,40,0,0,0,0,0,7,2008,173000
302,2,1,5,1,1979.0,one,264,28,0,0,0,0,0,0,4,2010,99500
1229,2,1,5,1,2006.0,two,466,0,241,0,0,0,0,0,4,2007,208900
1191,6,1,9,0,-1.0,zero,0,0,184,0,0,0,0,0,3,2008,135900
388,3,1,7,1,1984.0,two,477,268,112,0,0,147,0,0,1,2007,178000
235,2,1,5,0,1950.0,one,240,366,0,112,0,0,0,0,4,2010,142125
1212,3,1,11,1,1993.0,two,672,431,0,0,0,0,0,0,9,2008,191000
267,2,1,5,2,1971.0,two,739,380,48,0,0,0,0,0,6,2007,302000
305,3,1,7,1,1968.0,two,440,0,96,180,0,0,0,0,7,2006,180000
117,2,1,4,0,1921.0,one,205,0,0,129,0,0,0,0,6,2006,89000
1179,5,1,11,1,1961.0,two,564,240,0,0,0,0,0,0,6,2010,242000
673,3,1,6,1,2001.0,three,843,468,81,0,0,0,0,0,1,2006,205000
249,3,1,9,0,1990.0,two,480,12,11,64,0,0,0,0,4,2010,140000
1065,2,1,6,1,1990.0,two,484,0,58,0,0,90,0,0,7,2006,180000
1052,3,1,9,1,2006.0,three,694,414,84,0,0,0,0,0,3,2007,380000
71,4,1,8,1,1968.0,one,509,0,72,0,0,252,0,0,6,2009,193500
94,4,1,8,1,1962.0,one,264,0,168,0,0,0,0,0,7,2007,169500
1440,3,1,6,1,1961.0,two,504,0,20,0,0,0,0,0,6,2008,163000
33,3,1,5,1,1974.0,one,336,0,0,0,0,0,0,0,5,2010,125000
1167,4,2,8,0,2005.0,two,588,272,54,0,0,0,0,0,6,2006,145000
448,3,1,8,2,1939.0,two,431,0,119,150,0,0,0,0,5,2008,311500
445,3,1,6,0,2002.0,three,900,0,136,0,0,0,0,0,2,2006,230000
716,3,1,6,0,2006.0,two,614,0,50,0,0,0,0,0,8,2006,197000
844,3,1,8,1,1997.0,two,455,180,130,0,0,0,0,0,6,2007,269790
1112,3,1,7,1,1916.0,one,225,0,0,330,0,0,0,0,7,2006,144000
858,2,2,6,0,1987.0,two,400,0,0,0,0,0,0,0,6,2009,92900
997,2,1,5,1,1922.0,one,280,0,0,116,0,0,0,0,8,2006,113000
77,3,1,5,1,1965.0,one,384,426,0,0,0,0,0,0,7,2008,140000
84,4,1,9,2,1941.0,one,252,0,60,0,0,0,0,2500,5,2010,266500
792,3,1,7,2,1966.0,two,572,0,0,50,0,0,0,0,6,2010,160000
82,3,1,7,1,1957.0,one,252,116,0,0,180,0,0,0,6,2007,120000
457,3,1,6,0,1990.0,two,497,168,27,0,0,0,0,0,6,2009,173000
970,3,1,6,0,2001.0,two,573,356,0,0,0,0,0,0,6,2009,178000
676,4,1,8,1,1962.0,two,490,0,84,0,0,120,0,0,3,2008,171000
938,4,2,8,0,-1.0,zero,0,0,0,0,0,0,0,0,9,2008,118000
1050,4,1,7,2,1935.0,two,540,0,0,0,0,90,0,0,7,2008,235000
436,3,1,7,1,1990.0,two,400,168,36,0,0,0,0,0,4,2007,187500
644,2,1,5,1,1938.0,one,240,0,0,0,0,0,0,0,6,2007,119750
780,3,1,7,0,2007.0,two,562,0,0,0,0,0,0,0,5,2008,205950
862,3,1,7,1,2000.0,two,463,100,63,0,0,0,0,0,6,2009,179000
1357,3,1,6,0,1966.0,one,386,0,0,0,0,0,0,0,1,2007,127000
404,3,1,6,0,2000.0,two,576,168,0,0,0,0,0,0,11,2009,152000
1270,1,1,4,0,-1.0,zero,0,0,0,0,0,0,0,0,4,2007,103200
941,3,1,7,0,1950.0,two,420,0,27,0,0,0,0,0,7,2008,98300
944,2,1,6,0,2001.0,two,582,0,0,170,0,0,0,0,4,2010,213500
104,4,2,8,0,1920.0,three,779,0,0,90,0,0,0,0,5,2006,87000
609,3,1,10,1,2008.0,three,812,168,52,0,0,0,0,0,4,2009,310000
1068,3,1,9,1,1945.0,one,180,224,0,0,0,0,0,0,7,2007,259500
993,2,1,5,1,1993.0,two,462,96,0,70,168,0,0,0,10,2008,180000
888,3,1,6,1,2007.0,two,432,0,36,0,0,0,0,0,3,2007,156932
62,3,1,5,1,1939.0,two,410,0,0,0,0,271,0,0,5,2006,119900
281,3,1,6,0,1977.0,one,328,210,0,0,0,0,0,0,11,2008,149900
964,3,1,6,0,1979.0,one,300,421,0,0,0,0,0,0,7,2006,119900
238,3,1,7,2,1978.0,two,500,349,0,0,0,0,0,0,2,2010,210000
223,2,1,6,0,-1.0,zero,0,0,0,176,0,0,0,0,5,2010,94000
145,3,1,8,1,1977.0,two,529,240,0,0,0,0,0,0,6,2009,215000
1362,4,1,9,1,1981.0,two,542,474,120,0,0,0,0,0,7,2009,278000
373,2,1,6,1,1970.0,two,615,371,0,0,0,0,0,0,2,2009,185000
118,3,1,6,1,1974.0,two,440,260,0,0,0,0,0,0,6,2009,147000
1096,4,1,9,1,2005.0,three,853,240,154,0,0,0,0,0,11,2006,325300
250,3,1,7,1,2002.0,three,765,270,78,0,0,0,0,0,5,2006,312500
1406,3,1,6,2,1974.0,two,528,0,120,0,0,0,0,0,1,2010,170000
9,3,1,6,1,2007.0,two,440,0,20,0,0,0,0,0,10,2007,200141
449,3,1,7,2,1960.0,two,528,210,62,0,0,0,0,0,5,2010,215000
708,3,1,5,0,1975.0,two,440,0,0,0,0,0,0,0,1,2007,122000
255,2,1,5,0,2002.0,two,520,0,96,0,0,0,0,0,5,2009,108000
593,3,1,6,0,1920.0,one,250,0,54,172,0,0,0,0,7,2008,40000
389,4,1,9,1,1995.0,three,810,0,146,202,0,0,0,0,7,2009,403000
1202,3,1,6,0,2004.0,two,494,132,105,0,0,0,0,0,5,2010,185500
1168,2,1,6,1,1975.0,two,418,240,38,0,0,0,0,0,4,2006,170000
557,4,1,9,1,1992.0,two,541,0,33,0,0,0,0,0,4,2007,285000
1298,3,1,5,0,-1.0,zero,0,120,0,0,0,0,0,0,3,2009,179000
1424,3,1,5,2,1953.0,two,495,0,0,0,0,287,0,0,6,2008,155000
460,2,1,4,0,2009.0,two,528,0,234,0,0,0,0,0,6,2009,164500
723,2,1,5,0,2008.0,one,300,0,0,0,0,0,0,450,10,2009,127500
1346,4,1,9,1,2005.0,three,642,144,39,0,0,0,0,0,2,2007,281213
144,3,1,6,0,1976.0,two,475,0,44,0,0,0,0,0,3,2010,130500
501,2,1,5,0,1965.0,one,429,0,0,0,0,0,0,0,7,2009,117500
1070,3,1,5,1,1950.0,one,352,0,0,248,0,0,0,0,7,2009,110000
739,2,1,6,1,1966.0,two,578,0,0,0,0,0,0,0,6,2010,190000
1349,3,1,6,0,1969.0,two,460,180,0,0,0,80,0,0,7,2008,151000
731,2,1,6,0,1946.0,one,308,0,0,0,0,0,0,0,4,2010,84900
539,3,1,6,0,1959.0,two,531,0,0,0,0,0,0,0,5,2010,142000
177,3,1,6,1,1966.0,two,484,0,0,0,0,0,0,0,6,2006,159950
1408,2,1,6,1,2010.0,two,484,192,35,0,0,0,0,0,6,2010,224000
697,3,1,7,0,2005.0,three,834,208,59,0,0,0,0,0,4,2006,232000
1402,2,1,5,0,1998.0,two,402,0,125,0,0,0,0,0,5,2006,164000
1022,3,1,8,0,1996.0,two,704,0,48,143,0,0,0,0,7,2007,159500
1116,3,1,10,1,2003.0,three,870,302,0,0,0,0,0,0,5,2008,295000
1429,2,1,5,0,1963.0,two,516,106,0,0,0,0,0,0,5,2010,110000
1453,3,1,7,1,1997.0,two,576,0,10,0,0,198,0,0,6,2007,239000
7,3,1,6,2,1977.0,two,480,168,68,0,0,0,0,0,2,2010,205000
820,2,1,6,1,2008.0,two,626,172,62,0,0,0,0,0,4,2009,207500
667,3,1,7,1,1971.0,two,487,224,0,0,0,180,0,0,2,2007,175000
1389,3,1,7,0,2004.0,two,380,0,40,0,0,0,0,0,4,2006,130000
357,4,1,9,1,1996.0,three,666,283,86,0,0,0,0,0,3,2010,410000
783,4,2,10,2,1977.0,two,630,0,0,0,0,0,0,0,10,2007,144000
985,4,1,7,1,1940.0,one,296,120,0,0,0,0,0,0,10,2009,108000
329,4,1,11,1,2006.0,three,1052,125,144,0,0,0,0,0,4,2007,424870
1444,4,1,9,0,1914.0,one,180,203,40,0,0,0,0,0,7,2006,138887
1117,4,1,7,1,1966.0,two,442,0,124,216,0,0,0,0,6,2010,155000
1087,2,1,5,0,1972.0,one,264,250,0,0,0,0,0,0,5,2009,118000
258,3,1,6,0,1971.0,one,264,0,0,0,0,0,0,0,3,2010,88000
1144,3,1,6,0,1950.0,one,271,0,0,0,0,0,0,0,9,2009,140000
372,3,1,5,0,1980.0,two,576,216,0,0,0,0,0,0,4,2008,111250
1075,3,1,6,1,1939.0,one,240,0,0,0,0,0,0,0,8,2008,188700
882,3,1,5,0,1955.0,two,572,264,0,0,0,0,0,0,1,2006,145000
142,3,1,7,0,2008.0,two,750,144,168,0,0,0,0,0,4,2010,262500
525,3,1,5,1,1982.0,one,264,0,0,0,0,0,0,0,10,2008,130500
1107,3,1,5,1,1974.0,two,484,265,0,0,0,0,648,0,1,2006,181000
1335,4,1,7,2,1981.0,two,576,431,44,0,0,0,0,0,12,2009,135000
1091,3,1,6,1,1978.0,two,492,292,12,0,0,0,0,0,7,2006,151000
1387,3,1,8,0,1998.0,two,645,576,36,0,0,0,0,0,2,2009,219500
440,2,1,4,0,-1.0,zero,0,0,0,0,0,0,0,0,8,2006,85500
531,3,1,10,1,2007.0,three,868,0,148,0,0,0,0,0,11,2007,276000
1169,2,1,4,2,1940.0,one,240,0,0,154,0,0,0,0,2,2010,119000
226,3,1,7,1,1999.0,two,460,0,40,0,0,0,0,0,8,2007,175000
1000,3,1,6,0,2007.0,two,480,0,120,0,0,0,0,0,12,2008,182000
228,4,1,11,1,2005.0,three,656,144,39,0,0,0,0,0,6,2008,325000
1246,2,1,4,0,-1.0,zero,0,58,42,0,0,0,0,0,8,2007,110500
1319,2,1,6,0,1957.0,one,160,0,0,192,0,0,0,0,3,2007,87000
212,3,1,6,0,1964.0,two,472,0,0,0,0,152,0,0,2,2009,167000
79,3,1,8,1,2006.0,three,865,0,60,0,0,0,0,0,6,2007,255000
148,4,2,8,0,1978.0,two,539,0,0,0,0,0,0,0,4,2010,112000
814,3,1,5,0,1958.0,one,288,0,0,0,0,130,0,0,6,2008,136000
1067,3,1,6,0,1980.0,two,506,0,0,0,0,0,0,0,10,2008,140000
869,3,1,8,1,1997.0,two,413,95,75,0,0,0,0,0,6,2006,185000
671,3,1,6,0,1998.0,three,936,216,0,160,0,0,0,0,1,2006,105000
1124,2,1,5,1,1987.0,two,551,125,0,0,0,0,0,0,7,2006,176000
555,3,1,6,0,1955.0,one,220,142,98,0,0,0,0,0,7,2006,126175
864,3,1,5,0,1996.0,two,672,0,0,0,0,0,0,0,2,2008,145000
133,4,1,9,1,1992.0,two,590,0,40,0,0,0,0,0,7,2006,268000
1079,1,1,5,1,2005.0,two,624,170,63,0,0,0,0,0,8,2009,196000
823,3,1,5,0,1968.0,one,288,356,0,0,0,0,0,0,11,2006,138500
408,2,1,5,0,1948.0,one,240,0,35,0,0,0,0,0,4,2009,110000
982,3,1,7,0,2007.0,three,818,168,228,0,0,0,0,0,12,2007,318000
507,3,1,6,0,1995.0,two,521,0,26,0,0,0,0,0,8,2007,177500
1150,2,1,5,1,1980.0,one,264,80,0,0,0,0,0,0,5,2010,143000
504,3,1,7,0,2003.0,two,673,216,56,0,0,0,0,0,5,2008,207500
986,4,1,12,1,2003.0,three,841,503,36,0,0,210,0,0,6,2010,538000
347,5,1,12,2,1970.0,two,672,136,63,0,0,0,0,0,8,2009,197000
386,4,2,8,0,1967.0,two,576,0,0,0,0,0,0,0,6,2007,143000
0,3,1,9,1,2007.0,three,774,0,108,0,0,260,0,0,7,2007,314813
360,3,1,6,0,1966.0,two,490,0,129,0,0,0,0,0,5,2008,174900
828,3,1,5,0,1950.0,one,240,0,48,0,0,0,0,0,8,2008,125000
1379,2,1,7,1,2005.0,two,430,143,20,0,0,0,0,0,5,2009,192500
475,4,1,10,1,2006.0,three,666,324,100,0,0,0,0,0,7,2006,361919
1247,3,1,7,1,1967.0,two,480,0,0,0,0,0,0,0,6,2009,197900
57,3,1,7,1,1977.0,two,546,0,122,0,0,0,0,0,1,2010,190000
637,3,1,6,1,1980.0,two,452,161,0,0,0,0,0,0,7,2008,151000
1273,3,1,8,1,2009.0,three,1390,0,90,0,0,0,0,0,8,2009,253293
1026,1,1,4,0,1961.0,two,539,158,0,0,0,0,0,0,3,2009,82500
909,3,1,5,0,-1.0,zero,0,0,28,0,0,0,0,0,9,2007,93500
172,5,2,10,0,1945.0,two,560,0,57,0,0,0,0,0,9,2007,90000
450,3,1,8,1,1993.0,two,490,120,78,0,0,0,0,0,6,2009,150000
125,2,1,5,0,1998.0,two,412,0,247,0,0,0,0,0,6,2009,162000
934,2,1,6,0,2000.0,two,499,96,48,0,0,0,0,0,8,2007,251000
530,3,1,7,1,2002.0,two,534,171,159,0,0,0,0,0,9,2008,230000
857,2,1,6,0,1948.0,one,240,0,0,0,0,0,0,0,1,2008,127000
713,3,1,6,0,1963.0,two,525,192,20,123,0,0,0,0,12,2008,155000
90,3,1,5,0,1989.0,two,660,96,0,0,0,0,0,500,11,2009,120500
1412,3,1,5,0,-1.0,zero,0,0,32,0,0,0,0,0,5,2007,118500
181,3,1,8,1,2005.0,three,676,178,51,0,0,0,0,0,7,2007,377426
875,3,1,7,1,1990.0,three,701,84,70,0,0,0,0,0,6,2009,271900
1151,3,1,6,1,1977.0,one,352,296,0,0,0,0,0,0,10,2009,125000
786,3,1,8,2,1968.0,two,522,0,0,0,0,0,0,0,4,2010,244000
414,3,1,9,1,2009.0,three,900,156,54,0,0,0,0,0,9,2009,402861
251,3,1,8,0,1940.0,one,210,0,172,60,0,0,0,0,9,2006,107000
69,3,1,6,2,1947.0,one,240,0,0,126,0,0,0,0,9,2009,135000
803,3,1,6,1,2003.0,two,438,160,22,0,0,0,0,0,5,2007,187500
131,4,1,8,1,1976.0,two,483,0,69,0,0,0,0,0,9,2008,205000
300,2,2,6,0,1956.0,two,420,0,0,0,0,0,0,0,6,2009,90000
978,2,1,7,1,2008.0,three,774,0,66,0,304,0,0,0,11,2008,394617
326,4,1,9,1,1991.0,two,462,127,82,0,0,0,0,0,4,2006,260000
1426,3,1,7,1,2009.0,two,644,168,108,0,0,0,0,0,7,2009,252678
1083,3,1,5,0,1964.0,two,624,0,0,0,0,0,0,0,7,2006,129900
499,3,1,7,1,1962.0,two,462,0,36,0,0,0,0,0,7,2008,174000
968,4,1,7,2,1951.0,one,240,0,0,0,0,184,0,0,6,2007,169500
832,2,1,5,0,1956.0,one,338,0,0,0,0,0,0,0,6,2009,128900
364,2,1,6,1,2006.0,two,484,120,49,0,0,0,0,0,10,2007,202500
495,3,1,8,1,2006.0,two,500,322,50,0,0,0,0,0,5,2006,290000
1359,3,1,5,0,1966.0,one,384,0,0,0,0,0,0,0,5,2007,125000
338,5,1,11,2,1990.0,three,594,367,0,0,0,0,0,0,5,2010,320000
421,2,2,6,2,1979.0,two,528,120,0,0,0,0,0,0,6,2009,153337
164,2,1,4,0,1954.0,two,520,0,0,0,0,0,0,0,2,2008,113000
28,4,2,8,0,1976.0,two,560,0,0,0,0,0,0,0,7,2006,188000
516,3,1,6,1,2007.0,three,758,144,99,0,0,0,0,0,10,2008,245000
193,3,1,5,0,1972.0,one,288,0,0,0,0,0,0,0,6,2006,128500
1250,3,1,7,0,1972.0,one,264,0,28,0,0,0,0,0,5,2006,118000
1326,2,1,4,0,2005.0,two,480,0,166,0,0,0,0,0,6,2006,151000
1325,2,1,5,0,1998.0,two,511,144,68,0,0,0,0,0,8,2008,181000
169,3,1,5,0,1963.0,two,480,0,80,0,0,0,0,0,6,2009,139000
167,3,1,6,1,1975.0,two,434,209,208,0,0,0,0,0,2,2006,179900
652,4,2,8,0,1973.0,two,506,0,211,0,0,0,0,0,11,2008,135000
173,3,1,6,0,2004.0,two,520,0,45,0,0,0,0,0,9,2008,185900
518,3,1,8,1,2006.0,three,1053,192,51,0,0,0,0,0,8,2006,266000
1181,3,1,7,1,1976.0,two,440,87,0,0,0,0,0,0,7,2009,148500
1149,1,1,7,1,2005.0,two,457,156,0,0,0,0,0,0,5,2009,181000
912,3,1,5,1,2000.0,two,440,0,0,0,0,0,0,0,6,2007,177000
491,4,2,8,0,1946.0,two,492,0,0,0,0,0,0,0,8,2007,145000
73,2,1,4,0,1950.0,two,420,0,29,0,0,0,0,0,7,2006,109900
1219,3,1,7,0,1960.0,one,292,0,45,0,0,0,0,0,4,2006,145250
587,3,1,8,1,1998.0,two,462,0,28,0,0,0,0,0,6,2006,176500
750,2,1,5,0,1941.0,one,280,0,0,0,0,0,0,0,7,2010,80000
657,3,1,7,1,1997.0,two,460,100,38,0,0,0,0,0,8,2007,169000
842,3,1,5,1,1969.0,one,300,0,0,0,0,0,0,0,5,2006,128500
234,2,1,5,1,1999.0,two,506,97,65,0,0,0,0,0,1,2008,328900
732,1,1,3,1,2004.0,two,420,149,0,0,0,0,0,0,1,2008,149000
214,3,1,6,1,1966.0,two,480,0,58,0,0,0,0,0,11,2009,154000
162,3,1,5,1,1968.0,one,322,0,63,0,0,0,0,0,8,2008,134000
132,2,1,4,0,1955.0,one,326,0,0,0,0,0,0,0,8,2006,117000
1098,4,1,8,1,1991.0,three,833,72,192,224,0,0,0,0,11,2007,238000
222,3,1,8,0,2003.0,two,548,0,61,0,0,0,0,0,2,2008,208500
1312,5,1,8,2,1957.0,one,304,120,0,0,0,0,0,0,11,2009,161500
185,3,1,7,1,2008.0,three,786,216,48,0,0,0,0,0,7,2009,337500
41,3,1,6,0,1925.0,one,250,0,0,84,0,0,0,0,7,2007,125000
692,2,1,6,0,2001.0,two,471,192,25,0,0,0,0,0,6,2009,220000
108,2,1,6,1,1956.0,one,297,0,44,0,0,0,0,0,5,2008,139000
38,2,1,5,0,2005.0,two,400,212,0,0,0,0,0,0,7,2008,190000
568,2,1,6,0,1948.0,two,528,0,36,0,0,0,0,0,5,2008,147000
947,3,1,6,0,2001.0,two,528,0,45,0,0,0,0,0,11,2009,227000
1233,4,1,11,2,2005.0,three,736,147,21,0,0,0,0,0,7,2006,345000
1403,3,1,8,0,2006.0,two,429,0,0,0,0,0,0,0,5,2006,172785
483,3,1,6,0,1986.0,two,484,192,0,0,0,0,0,0,7,2009,135000
468,4,1,8,0,1968.0,two,441,0,0,0,0,0,0,0,5,2009,154000
890,3,1,6,0,1962.0,two,540,0,18,0,0,0,0,0,5,2006,132500
24,2,1,6,1,1986.0,two,445,0,80,0,0,184,0,0,12,2006,190000
962,2,1,6,0,1985.0,two,600,215,0,0,0,0,0,0,9,2009,123000
1100,2,1,6,2,1957.0,one,319,288,258,0,0,0,0,0,12,2006,207500
68,3,1,6,0,1920.0,one,189,0,0,137,0,0,0,0,7,2009,78000
884,3,1,8,1,2001.0,two,434,144,48,0,0,0,0,0,5,2010,222500
1231,3,1,5,0,1963.0,one,308,0,0,220,0,0,0,0,6,2010,133000
366,2,1,6,0,1994.0,three,1248,0,20,0,0,0,0,560,8,2008,81000
505,3,1,7,0,1906.0,one,216,57,0,239,0,0,0,0,6,2008,135000
850,2,1,5,1,1985.0,two,564,114,28,234,0,0,0,0,12,2006,275000
1281,2,1,5,0,-1.0,zero,0,0,0,100,0,0,0,0,9,2008,67000
383,3,2,7,0,-1.0,zero,0,220,114,210,0,0,0,0,8,2008,106250
734,3,1,6,1,1936.0,one,180,0,0,0,0,322,0,0,6,2006,250000
717,3,1,7,0,1950.0,one,240,0,0,168,0,0,0,0,5,2009,138000
1300,4,1,10,1,1983.0,two,484,288,195,0,0,0,0,0,8,2009,260000
454,3,1,7,0,2004.0,two,606,0,35,0,144,0,0,0,5,2010,213000
264,3,1,7,1,1956.0,two,480,0,0,0,0,0,0,0,11,2009,127500
75,6,2,10,0,-1.0,zero,0,0,0,0,0,0,0,0,7,2007,141000
914,3,1,7,1,2006.0,three,690,144,60,0,0,0,0,0,8,2006,240000
232,3,1,4,0,1979.0,one,264,0,0,140,0,0,0,0,6,2007,100000
444,4,1,8,1,1990.0,three,746,127,44,224,0,0,0,0,6,2007,225000
395,3,1,6,1,1976.0,two,528,0,21,0,0,180,0,0,7,2007,218000
611,3,1,7,1,1937.0,one,198,0,0,0,0,0,0,0,6,2006,119500
176,3,1,8,1,1955.0,one,377,0,28,0,0,178,0,0,10,2008,165500
18,1,1,4,1,1984.0,two,565,63,0,0,0,0,0,0,8,2009,187500
1277,5,1,10,1,1993.0,three,796,209,55,0,0,0,0,0,11,2006,310000
1029,3,1,6,2,1940.0,one,240,0,0,0,0,0,0,0,7,2007,219500
341,4,1,9,2,1989.0,two,628,320,27,0,0,0,0,0,4,2006,335000
1097,4,1,8,1,1939.0,one,240,262,24,0,0,0,0,0,7,2008,179500
879,3,1,6,1,1978.0,two,440,335,0,0,0,0,0,0,4,2010,158900
595,3,1,8,1,1992.0,two,462,635,104,0,0,0,0,400,5,2010,189000
61,3,1,6,0,1967.0,one,288,0,0,0,0,0,0,0,8,2007,125500
1227,2,1,5,0,2006.0,two,528,0,54,0,0,0,0,0,6,2007,164700
272,3,1,7,0,2004.0,two,380,0,40,0,0,0,0,0,5,2006,130000
1176,3,1,6,1,1974.0,two,459,0,82,0,0,0,0,0,10,2006,148000
872,2,1,5,0,1950.0,two,625,0,0,0,0,0,0,0,6,2006,109500
1090,4,1,9,0,2006.0,three,840,240,154,0,0,0,0,0,9,2006,342643
1370,3,1,8,1,2004.0,two,678,0,136,0,0,0,0,0,5,2010,254900
278,3,1,8,0,2004.0,two,484,139,98,0,0,0,0,0,4,2008,210000
1128,3,1,6,1,2002.0,two,530,192,36,0,0,0,0,0,9,2008,221000
694,3,1,6,1,1941.0,one,240,0,0,0,0,0,0,0,4,2007,105000
368,3,1,5,0,1989.0,one,352,0,0,0,0,0,0,0,5,2008,127000
1345,3,1,7,1,2002.0,three,702,257,45,0,0,0,0,0,7,2007,285000
36,3,1,7,0,2009.0,two,644,0,114,0,0,0,0,0,9,2009,233170
735,3,1,6,0,1956.0,one,284,0,0,0,0,0,0,0,4,2009,135000
1411,3,1,6,1,1978.0,two,564,0,0,0,0,0,0,500,7,2007,148000
662,3,1,7,1,1991.0,two,402,164,0,0,0,0,0,0,5,2007,160000
1285,2,1,5,0,1974.0,one,396,192,0,0,0,0,0,0,4,2009,133900
1316,3,1,7,2,1955.0,one,364,0,0,189,0,0,0,0,3,2010,153000
977,4,1,8,0,2004.0,two,618,0,45,0,0,0,0,0,1,2010,233000
547,3,1,6,0,1963.0,one,264,0,132,0,0,0,0,0,3,2007,132500
1161,5,1,9,0,1966.0,two,444,133,168,0,0,0,0,0,7,2007,187500
688,2,1,6,1,2004.0,two,398,144,20,0,0,0,0,0,5,2006,178740
738,4,1,7,0,1961.0,one,416,0,0,196,0,0,0,1200,6,2010,139000
191,3,1,7,1,1979.0,two,435,192,0,0,0,0,0,0,1,2009,181000
919,3,1,6,2,1959.0,two,528,0,140,0,0,100,0,0,11,2006,149900
456,4,1,6,1,1959.0,two,447,0,38,0,0,0,0,0,4,2010,165500
868,3,1,7,1,1977.0,two,432,0,0,19,0,0,0,0,3,2007,220000
393,2,1,6,0,1951.0,two,396,0,0,0,0,0,0,0,4,2006,102000
675,3,1,5,1,1974.0,two,440,241,0,0,0,0,0,0,6,2006,142500
760,2,1,5,1,1978.0,two,588,168,180,0,0,0,0,0,6,2007,194000
1436,4,1,12,1,2009.0,three,1020,52,170,0,0,192,0,0,1,2009,582933
728,3,1,6,0,2008.0,two,554,0,60,0,0,0,0,0,7,2008,227680
419,4,1,9,1,1993.0,three,656,340,60,144,0,0,0,0,4,2009,260000
375,3,1,6,0,2005.0,two,564,0,35,0,0,0,0,0,8,2006,173900
412,3,1,6,2,1963.0,two,528,0,26,0,0,0,0,0,6,2010,143000
74,2,1,5,0,1957.0,two,572,0,0,0,0,0,0,0,4,2006,115000
1366,1,1,4,0,-1.0,zero,0,0,0,0,0,0,0,0,3,2009,61000
1141,3,1,7,1,1988.0,two,496,228,66,156,0,0,0,500,3,2010,196500
500,3,1,6,0,1976.0,three,888,0,0,0,0,0,0,0,5,2010,169900
825,2,3,11,0,1910.0,two,360,40,156,0,0,0,0,0,11,2009,106000
195,2,1,7,0,1995.0,two,672,0,72,0,0,0,0,0,3,2007,89471
1459,3,1,7,0,2007.0,three,610,100,18,0,0,0,0,0,7,2009,201000
616,4,1,8,1,1998.0,three,676,250,0,0,0,0,0,0,7,2009,336000
114,3,1,6,1,1991.0,two,884,0,0,252,0,0,0,0,5,2009,176000
417,2,1,5,0,1920.0,one,366,0,0,77,0,0,0,400,5,2010,83000
601,3,1,7,1,2008.0,three,772,0,50,0,0,0,0,0,5,2010,306000
969,2,1,6,0,1980.0,two,528,30,0,164,0,0,0,0,4,2010,68400
921,2,1,4,0,-1.0,zero,0,0,96,0,0,0,0,0,7,2009,99900
604,3,1,8,0,1940.0,one,240,0,0,0,0,0,0,0,7,2008,145000
1448,3,1,6,0,1961.0,two,456,0,0,0,0,0,0,0,9,2008,139950
89,2,1,6,0,1965.0,two,461,0,0,184,0,0,0,400,4,2007,140000
848,4,2,8,0,1949.0,three,871,0,0,0,0,0,0,0,8,2007,145000
1114,2,1,4,0,1945.0,one,220,0,0,0,0,0,0,0,6,2010,80000
1395,0,1,5,1,2001.0,two,682,0,120,0,0,224,0,0,8,2008,286000
753,3,1,6,0,1975.0,two,495,0,88,0,0,0,0,0,7,2006,153500
498,4,1,10,1,1998.0,two,431,89,0,0,0,0,0,0,7,2006,199900
11,3,1,5,1,1954.0,two,498,0,0,0,0,0,0,0,10,2009,153000
396,3,1,7,1,1970.0,two,530,98,0,0,0,0,0,0,5,2008,174000
284,3,1,6,0,1936.0,one,240,0,0,0,0,0,0,0,3,2008,115000
690,3,1,6,1,1964.0,two,484,227,0,0,0,0,0,0,4,2010,180500
1197,3,1,6,1,1993.0,two,420,232,63,0,0,0,0,480,4,2009,185000
1367,2,1,5,0,2003.0,two,555,0,41,0,0,0,0,0,8,2009,184900
689,3,1,5,0,1926.0,one,210,0,0,116,0,0,0,0,12,2009,115000
851,3,1,7,0,1997.0,two,684,0,162,0,0,0,0,0,5,2007,204750
159,2,1,5,0,2005.0,two,525,0,28,0,0,0,0,0,5,2006,145000
895,4,1,8,1,1972.0,two,484,148,0,0,0,147,0,0,11,2006,165150
1192,2,1,5,1,1980.0,two,462,150,0,0,0,0,0,0,5,2009,124000
257,1,1,4,1,1978.0,two,602,303,30,0,0,0,0,0,7,2009,165500
335,3,1,10,1,2008.0,three,836,0,102,0,0,0,0,0,7,2009,335000
1371,2,1,5,1,1993.0,two,533,0,69,0,0,0,0,0,7,2008,193000
1039,3,1,5,1,1998.0,two,514,402,25,0,0,0,0,0,8,2007,215000
515,4,1,8,1,1963.0,two,483,0,50,0,0,0,0,0,10,2008,140000
1015,2,1,6,0,1951.0,one,297,0,65,190,0,0,0,0,7,2006,125500
768,3,1,5,2,1941.0,one,240,0,0,32,0,0,0,0,8,2006,133000
1292,5,1,10,0,1997.0,one,440,0,188,0,0,0,0,0,3,2006,118500
761,4,1,8,1,1999.0,two,429,192,0,0,0,0,0,0,2,2006,230000
1074,2,1,4,0,1941.0,one,234,0,113,0,0,0,0,0,8,2009,113000
521,5,1,8,0,-1.0,zero,0,0,198,30,0,0,0,0,7,2009,104000
22,2,1,4,0,1988.0,one,308,0,0,0,0,0,0,600,8,2008,79500
356,2,1,6,0,1924.0,one,398,0,0,126,0,0,0,0,5,2006,112000
1451,1,1,4,1,2005.0,two,550,0,84,0,0,0,0,0,4,2006,197000
340,3,1,5,0,-1.0,zero,0,85,0,148,0,0,0,0,1,2008,107500
431,3,1,8,1,2003.0,two,502,0,262,0,0,0,0,0,5,2010,232000
473,3,1,7,1,1965.0,two,596,0,265,0,0,0,0,0,8,2007,129000
217,3,1,6,1,2001.0,two,527,290,39,0,0,0,0,0,4,2009,189000
911,2,1,6,1,2007.0,three,866,0,102,0,0,0,0,0,1,2008,372402
1172,3,1,5,0,1980.0,two,461,96,0,0,0,0,0,0,3,2007,112500
1011,4,1,10,1,1999.0,three,779,668,30,0,0,0,0,0,5,2010,333168
1420,3,1,6,0,1976.0,two,576,0,0,0,0,0,0,0,7,2006,132500
93,3,1,6,0,1964.0,two,520,176,0,0,0,0,0,0,6,2008,168500
1008,3,1,7,0,2007.0,three,954,0,56,0,0,0,0,0,6,2007,248328
696,4,1,8,1,1994.0,three,844,309,78,0,0,0,0,0,12,2006,290000
996,2,1,5,0,1940.0,one,240,0,39,0,0,0,0,0,7,2007,109000
153,3,1,7,1,1998.0,three,642,0,35,272,0,0,0,0,2,2006,140000
1307,4,1,8,1,1955.0,two,396,72,36,0,0,144,0,0,7,2008,185000
1458,3,1,6,1,1976.0,two,566,306,111,0,0,0,0,0,7,2006,190000
789,4,1,8,1,1994.0,two,493,144,133,0,0,0,0,0,7,2008,210000
580,3,1,7,0,1936.0,one,240,200,114,0,0,0,0,0,4,2006,115000
703,3,1,6,0,2003.0,two,531,0,39,0,0,0,0,0,10,2007,185000
1225,4,1,9,1,2007.0,three,668,100,18,0,0,0,0,0,1,2008,214000
487,3,1,7,1,1978.0,two,440,26,0,0,0,0,0,0,7,2010,146000
559,2,1,4,0,1987.0,two,360,0,0,0,0,0,0,0,6,2007,129500
801,1,1,4,2,1969.0,two,540,0,130,0,130,0,0,0,10,2006,180000
512,3,1,8,1,2010.0,three,606,168,95,0,0,0,0,0,4,2010,395192
633,2,1,4,0,1979.0,one,684,0,0,0,0,0,0,0,6,2007,110000
1302,3,1,6,1,1954.0,one,354,511,116,0,0,0,0,0,6,2008,165000
790,3,1,6,1,1984.0,two,577,219,0,0,0,0,0,0,9,2007,207500
116,2,1,5,1,1972.0,one,288,0,0,0,0,0,0,0,6,2006,94500
740,4,1,10,1,2004.0,three,738,184,0,0,0,0,0,0,6,2009,350000
830,3,1,8,1,2005.0,three,878,192,52,0,0,0,0,0,3,2006,275500
119,2,1,4,0,1984.0,one,264,353,0,0,0,90,0,0,2,2010,125000
656,2,1,4,0,1989.0,two,576,216,0,0,0,0,0,0,3,2009,97000
635,3,1,5,0,-1.0,zero,0,0,0,0,0,0,0,0,8,2007,123600
369,3,1,6,0,1935.0,one,288,0,0,144,0,0,0,0,3,2007,101000
268,2,1,5,0,1999.0,two,492,206,0,0,0,0,0,0,11,2007,174000
655,4,1,7,0,1964.0,two,442,328,128,0,0,189,0,0,6,2008,167900
935,2,1,5,0,1988.0,two,396,58,0,0,0,0,0,0,3,2009,133000
822,3,1,6,0,1959.0,one,312,0,0,120,0,0,0,0,4,2010,148000
866,2,1,4,0,1985.0,two,576,0,0,0,0,0,0,0,5,2007,135000
46,2,1,4,0,1956.0,one,280,0,30,226,0,0,0,0,6,2009,85000
1287,3,1,5,1,-1.0,zero,0,0,0,0,0,0,0,0,6,2007,87000
991,4,1,7,0,1958.0,one,548,0,0,0,0,156,0,0,5,2008,135000
876,3,1,8,1,1996.0,three,834,239,60,0,0,0,0,0,8,2007,315750
773,2,2,8,2,1931.0,two,468,90,0,205,0,0,0,0,4,2008,129900
4,3,1,7,1,2000.0,two,463,100,48,0,0,0,0,0,11,2007,181000
1003,3,1,6,1,1950.0,two,440,0,38,0,144,0,0,0,5,2007,210000
1268,3,1,5,0,1979.0,two,576,0,312,40,0,0,0,0,3,2007,143250
263,2,1,4,0,1940.0,one,240,168,0,0,0,0,0,0,8,2008,108000
1360,3,1,5,0,1970.0,one,280,0,0,0,0,0,0,0,2,2010,122000
1334,3,1,5,0,1984.0,one,264,362,0,0,0,0,0,0,10,2008,119500
443,3,1,6,0,1977.0,two,576,0,0,0,0,0,0,0,4,2007,132000
1002,2,1,4,0,-1.0,zero,0,328,0,164,0,0,0,0,5,2008,85000
1077,1,1,6,1,2003.0,two,588,185,140,0,0,0,0,0,4,2008,274000
837,3,1,5,0,1978.0,two,672,74,0,0,0,144,0,0,10,2009,205000
1304,3,1,6,0,1956.0,one,286,0,20,0,0,192,0,0,6,2007,135000
304,4,1,9,1,1964.0,two,540,0,52,0,0,0,0,0,6,2007,165000
1211,2,1,4,0,1954.0,one,281,0,0,0,0,0,0,0,8,2008,107900
313,3,1,6,1,1976.0,two,460,298,0,0,0,0,0,0,5,2007,181500
149,2,1,5,0,1982.0,one,264,168,0,0,0,0,0,0,6,2007,124500
574,2,1,5,0,-1.0,zero,0,0,8,128,0,0,0,0,4,2008,79000
50,3,1,5,0,1974.0,two,528,0,0,0,0,0,0,0,5,2007,120500
1140,3,1,6,0,1990.0,one,240,0,0,252,0,0,0,0,5,2007,129000
726,3,1,5,1,1957.0,two,528,0,0,0,0,95,0,0,5,2010,121500
833,3,1,6,0,-1.0,zero,0,263,0,0,0,0,0,450,5,2010,76500
1115,3,1,5,1,1968.0,two,450,0,0,0,0,0,0,0,5,2007,129000
470,3,1,6,1,1987.0,one,504,370,30,0,0,0,0,0,5,2007,148000
971,4,1,8,1,1974.0,two,540,0,69,0,0,0,0,0,7,2008,185000
653,3,1,5,0,1966.0,one,264,0,0,0,0,0,0,0,10,2008,110000
399,3,1,7,1,2003.0,two,613,192,39,0,0,0,0,0,1,2010,237000
511,3,1,6,0,1970.0,two,576,0,288,0,0,0,0,0,5,2006,129000
320,3,1,8,1,2004.0,three,770,194,45,0,0,0,0,0,9,2006,315000
19,3,1,7,1,2007.0,three,928,0,0,0,0,0,0,0,11,2007,318000
684,5,1,9,2,1969.0,two,504,335,0,0,0,0,0,0,9,2007,135000
35,3,1,6,2,1966.0,two,564,160,68,240,0,0,0,0,5,2006,164500
902,3,1,7,1,1999.0,two,442,140,60,0,0,0,0,0,6,2010,189000
827,3,1,6,0,1971.0,two,440,0,0,0,0,0,0,0,6,2010,155000
1309,2,1,5,0,1973.0,one,297,120,101,0,0,0,0,0,11,2009,91000
407,3,1,6,1,1961.0,one,264,165,0,0,0,0,0,400,3,2009,131400
920,2,1,5,0,1961.0,one,275,0,0,112,0,0,0,0,5,2008,130000
537,2,1,5,0,1992.0,two,576,0,240,0,0,0,0,0,12,2008,147000
758,2,1,4,0,1956.0,one,308,0,0,80,0,160,0,0,5,2010,129000
1062,3,1,6,0,1967.0,one,384,68,0,0,0,0,0,0,10,2006,135500
245,1,1,5,2,1968.0,one,452,0,48,0,0,60,0,0,6,2009,143000
1127,3,1,6,1,1978.0,one,560,0,0,0,0,120,0,0,11,2007,127500
784,3,1,9,1,1988.0,two,880,105,502,0,0,0,0,0,7,2008,325000
489,3,1,6,0,1998.0,two,750,0,80,0,180,0,0,0,7,2006,150000
154,2,1,4,1,1966.0,one,924,0,25,0,0,0,0,0,2,2008,120500
961,2,1,7,1,1995.0,three,839,236,46,0,0,0,0,0,8,2008,350000
853,3,1,6,0,1970.0,two,440,0,0,0,0,0,0,0,4,2007,106000
625,4,1,8,1,1955.0,two,452,0,0,0,0,0,0,0,6,2009,139600
685,3,1,5,2,1976.0,two,539,120,0,0,0,0,0,0,5,2007,146800
569,3,1,5,2,1994.0,two,525,171,132,0,0,0,0,0,8,2008,271000
1399,3,1,8,1,1998.0,two,541,192,84,0,0,0,0,0,7,2008,222500
17,3,1,5,0,1986.0,two,576,104,0,0,0,0,0,0,6,2006,127000
127,3,1,9,1,2002.0,three,808,0,252,0,0,0,0,0,11,2007,270000
927,3,1,6,1,1978.0,two,440,0,0,0,0,0,0,0,3,2006,149500
980,2,1,4,0,1925.0,one,160,0,141,0,0,0,0,0,4,2008,91000
1431,2,1,5,0,1958.0,one,297,12,285,0,0,0,0,480,6,2007,120000
190,3,1,7,1,2002.0,two,527,120,0,0,0,0,0,0,3,2009,184100
1139,4,1,10,1,2007.0,three,792,120,184,0,0,168,0,0,10,2007,383970
992,1,1,8,1,2005.0,three,1134,192,267,0,0,0,0,0,1,2006,423000
1425,2,1,5,0,-1.0,zero,0,0,0,100,0,0,0,0,1,2008,55000
1218,3,1,7,0,1994.0,one,570,0,47,120,0,0,0,0,9,2006,108000
606,2,1,6,1,1981.0,two,511,574,64,0,0,0,0,0,1,2006,228000
180,3,1,12,1,-1.0,zero,0,122,0,0,0,0,0,0,3,2007,200500
301,3,1,6,0,1959.0,one,286,140,0,252,0,0,0,0,7,2006,133700
496,4,1,8,1,1971.0,two,495,0,66,0,0,0,0,0,6,2006,190000
1258,2,1,7,1,2007.0,two,567,140,0,0,0,0,0,0,10,2007,392000
1222,2,1,6,1,1957.0,one,447,0,0,0,0,0,0,0,5,2006,134450
1204,4,1,8,0,1960.0,one,308,0,0,160,0,0,0,0,3,2008,177000
517,3,1,5,0,1941.0,one,200,48,0,0,0,0,0,0,3,2008,95000
1069,3,1,7,1,2001.0,two,650,0,235,0,0,0,0,0,5,2007,226000
476,3,1,7,1,1958.0,two,525,0,118,0,0,233,0,0,1,2009,137500
157,3,1,7,1,1953.0,two,667,0,21,114,0,0,0,0,7,2006,225000
16,4,1,7,0,1969.0,one,299,379,36,0,0,0,0,0,3,2010,158000
1072,2,1,4,0,1950.0,one,294,250,0,24,0,0,0,0,9,2009,82000
546,3,1,7,1,2000.0,two,400,180,0,0,0,0,0,0,4,2010,180000
658,8,2,14,0,-1.0,zero,0,0,110,0,0,0,0,0,3,2007,200000
1193,3,1,8,1,2008.0,three,836,0,102,0,0,0,0,0,4,2008,339750
1019,2,1,5,0,2003.0,two,440,132,64,0,0,0,0,0,3,2010,140000
1223,4,1,9,0,2002.0,two,431,135,0,0,0,0,0,0,4,2010,202900
959,3,1,6,0,1977.0,one,299,0,36,0,0,0,0,450,3,2010,161750
1373,3,1,7,1,1968.0,two,776,0,169,0,0,119,0,0,5,2006,179900
283,3,1,7,1,1978.0,two,440,28,0,0,0,0,0,0,4,2009,148500
797,3,1,6,0,1930.0,one,300,147,0,0,0,0,0,0,7,2009,103600
225,3,1,8,1,1995.0,two,466,0,155,0,0,0,0,0,6,2009,239500
26,3,1,5,0,-1.0,zero,0,0,0,0,0,0,0,0,3,2009,112000
437,2,1,6,1,1970.0,one,484,316,28,0,0,0,0,0,6,2007,144000
1419,3,1,7,0,2007.0,two,576,0,0,112,0,0,0,0,8,2007,112000
229,3,1,6,1,1962.0,two,572,0,50,0,0,0,0,0,2,2007,130000
37,3,1,6,0,1999.0,one,352,278,0,0,0,0,0,0,6,2008,144000
749,3,1,6,0,1999.0,two,472,158,29,0,0,0,0,0,8,2006,214000
1045,3,1,6,0,1977.0,two,440,252,0,0,0,0,0,0,7,2009,159500
469,3,1,10,1,2006.0,three,641,192,0,37,0,0,0,0,10,2006,438780
1245,3,1,7,2,1942.0,one,312,168,0,0,0,0,0,0,6,2007,146500
1434,2,1,6,0,1961.0,two,480,0,0,0,0,0,0,0,12,2006,98600
687,6,2,12,0,1969.0,four,968,0,0,0,0,0,0,0,8,2009,200000
1343,3,1,10,1,2009.0,three,746,144,76,0,0,0,0,0,5,2010,378500
639,2,1,5,0,1971.0,one,264,0,0,0,0,0,0,0,8,2008,89500
1261,3,1,7,0,2007.0,two,578,144,105,0,0,0,0,0,4,2009,212000
1158,4,1,7,0,1958.0,one,301,0,0,275,0,0,0,500,4,2007,157900
1217,4,1,8,1,2000.0,three,648,0,56,0,0,0,0,0,6,2007,248000
1328,2,1,6,0,2006.0,two,632,105,61,0,0,0,0,0,2,2010,206000
800,1,1,3,0,1930.0,one,246,0,0,0,0,0,0,0,1,2009,60000
160,2,1,6,1,1920.0,one,308,0,22,112,0,0,0,0,5,2007,118400
956,3,1,7,0,1993.0,two,506,144,70,0,0,0,0,0,6,2008,187000
1186,3,1,6,1,2004.0,two,403,100,35,0,0,0,0,0,10,2006,178000
821,2,1,4,0,2004.0,two,480,0,172,0,0,0,0,0,6,2010,151000
1237,3,1,6,0,2009.0,three,740,0,36,0,0,0,0,0,5,2010,198900
877,2,1,5,0,1926.0,one,200,0,0,112,0,0,0,0,6,2007,96500
913,3,1,7,1,2001.0,two,522,202,151,0,0,0,0,0,6,2009,236500
152,1,1,4,1,-1.0,zero,0,0,0,0,0,0,0,0,1,2009,60000
1338,1,1,3,1,2004.0,two,420,149,0,0,0,0,0,0,5,2008,141000
509,3,1,8,1,1992.0,two,506,120,150,0,0,0,0,0,2,2006,220000
1135,3,1,7,1,2006.0,three,712,0,0,0,0,0,0,0,5,2007,283463
1251,2,1,5,0,1999.0,two,402,0,304,0,0,0,0,0,6,2009,165000
103,3,1,6,1,1931.0,one,270,0,0,112,0,0,0,0,2,2008,149000
586,3,1,6,0,2008.0,two,529,0,140,0,0,0,0,0,5,2008,250580
1380,4,1,8,1,1977.0,two,505,288,117,0,0,0,0,0,3,2008,192000
1143,3,2,7,0,1954.0,one,256,0,0,0,0,0,0,0,11,2009,93000
53,3,1,7,0,2006.0,three,826,0,146,0,0,0,0,0,7,2007,249700
151,2,1,6,1,2005.0,two,474,132,35,0,0,0,0,0,9,2006,202500
403,3,1,9,1,1993.0,three,983,250,154,216,0,0,0,0,8,2008,341000
1416,1,1,4,0,2003.0,two,420,140,0,0,0,0,0,0,5,2009,140000
207,2,1,5,1,1977.0,two,672,0,0,0,0,0,0,0,11,2009,115000
1381,2,2,5,2,1939.0,one,205,0,4,0,0,0,0,0,1,2008,118000
1122,4,1,7,0,1978.0,one,384,0,130,112,0,0,0,0,4,2008,119000
8,2,1,4,0,1996.0,two,528,0,0,0,0,0,0,0,7,2009,137000
1014,3,1,6,2,1964.0,one,461,0,116,0,0,0,0,700,3,2006,160000
1308,3,1,6,0,1991.0,two,496,112,51,0,0,0,0,0,6,2008,179200
1060,3,1,5,0,1999.0,two,400,0,0,0,0,0,0,0,5,2007,110000
452,4,1,7,0,1951.0,two,528,0,30,0,0,0,0,0,10,2006,137900
253,3,1,6,0,1958.0,one,264,224,0,0,0,0,0,0,6,2007,145000
896,3,1,7,0,1994.0,two,471,300,87,0,0,0,0,0,7,2007,201000
1378,1,1,4,0,1920.0,one,240,49,0,87,0,0,0,0,5,2008,68500
880,2,1,6,0,2003.0,two,474,0,27,0,0,0,0,0,7,2009,173000
1377,3,1,6,0,2005.0,two,615,0,45,0,0,0,0,0,3,2006,186500
623,3,1,7,1,1968.0,one,336,466,0,0,0,0,0,0,7,2006,158000
345,3,1,8,1,1962.0,one,349,0,30,0,0,0,0,0,3,2007,143900
1253,3,1,6,0,1959.0,one,270,224,88,0,0,0,0,0,7,2009,124500
262,3,1,6,0,1999.0,two,484,0,44,0,0,0,0,0,5,2010,155000
150,3,1,7,1,2004.0,three,630,144,36,0,0,0,0,0,11,2007,259000
472,4,1,8,1,1950.0,four,864,181,0,386,0,0,0,0,5,2009,265979
640,2,1,6,0,1947.0,one,336,158,0,102,0,0,0,0,10,2008,118500
1446,2,1,5,2,1977.0,two,714,264,32,0,0,0,0,0,5,2009,196000
1374,3,1,8,1,2007.0,two,400,100,24,0,0,0,0,0,7,2007,179540
550,3,1,9,2,1992.0,two,501,216,231,0,0,0,0,0,6,2007,240000
928,3,1,7,1,1997.0,three,870,0,70,0,0,0,0,0,6,2006,348000
488,3,1,6,0,2001.0,two,622,0,45,0,0,0,0,0,6,2009,230000
1321,4,1,7,1,2003.0,two,672,0,0,177,0,0,0,0,7,2009,198500
1171,3,1,7,1,1970.0,two,576,301,0,0,0,0,0,0,7,2010,180000
146,3,2,7,0,1920.0,two,420,0,74,0,0,0,0,0,8,2009,95000
402,3,1,5,0,1996.0,two,576,224,0,0,0,0,0,0,7,2006,156000
954,2,1,4,0,-1.0,zero,0,117,0,0,0,0,0,0,2,2010,116500
1404,2,1,4,0,1968.0,one,326,0,0,112,0,0,0,0,12,2006,108480
659,3,1,7,1,2006.0,three,825,144,45,0,0,0,0,0,12,2007,227000
463,3,1,6,0,1972.0,one,264,185,0,0,0,0,0,0,2,2009,119500
186,4,1,7,1,1957.0,one,364,116,78,0,0,0,0,0,5,2010,144500
1147,3,1,7,1,1993.0,two,924,108,0,0,216,0,0,0,11,2008,224000
1224,3,1,5,0,1983.0,two,484,120,0,158,0,0,0,0,6,2007,134000
608,2,1,7,1,2009.0,two,484,0,144,0,0,0,0,0,6,2010,222000
143,3,1,7,1,2000.0,two,472,0,38,0,0,0,0,0,2,2006,173000
751,1,1,3,1,2004.0,two,420,149,0,0,0,0,0,0,5,2008,149300
981,4,2,9,2,1975.0,two,484,0,0,200,0,0,0,0,3,2007,200624
197,2,1,6,0,2007.0,two,632,132,0,0,0,0,0,0,2,2009,194500
883,2,1,8,1,2006.0,three,765,270,68,0,0,0,0,0,3,2009,315000
279,4,1,8,0,1989.0,two,576,36,0,221,0,0,0,0,10,2006,157000
293,3,1,6,0,-1.0,zero,0,352,0,0,0,0,0,400,1,2010,128950
1329,3,1,7,1,1976.0,two,478,0,0,0,0,189,0,0,5,2008,180000
400,3,1,7,1,1981.0,two,576,276,0,0,0,0,0,0,6,2008,175500
122,3,1,6,1,1994.0,two,343,0,36,0,0,0,0,0,3,2009,174000
1207,1,1,3,1,2004.0,two,420,140,0,0,0,0,0,0,5,2006,155900
202,4,1,7,0,1965.0,one,392,0,0,236,0,0,0,0,3,2006,104900
835,2,1,7,1,2006.0,three,850,216,229,0,0,0,0,0,9,2006,465000
246,4,1,7,2,1970.0,two,550,0,42,0,0,0,0,0,5,2008,237500
1386,3,1,8,1,2004.0,two,484,120,33,0,0,0,0,0,10,2006,216837
1372,3,1,9,1,2003.0,two,648,140,45,0,0,0,0,0,8,2008,250000
1153,3,1,6,0,1920.0,two,502,0,0,84,0,0,0,0,6,2008,128000
384,3,1,6,0,2004.0,two,576,0,102,0,0,0,0,0,6,2008,159000
1288,1,1,6,2,1993.0,two,473,122,30,0,0,0,0,0,5,2008,324000
854,2,1,6,1,1956.0,two,470,0,0,280,0,0,0,0,7,2006,230000
219,4,2,8,0,-1.0,zero,0,0,0,0,0,0,0,0,4,2010,136500
641,3,1,7,1,1999.0,two,502,0,103,0,0,0,0,0,6,2009,181000
1,2,1,7,1,1996.0,two,512,0,120,0,0,0,0,0,7,2009,191000
112,4,1,7,0,1954.0,one,352,0,0,0,0,0,0,0,11,2008,131500
698,5,2,12,0,1960.0,two,480,0,0,0,0,0,0,0,1,2010,154300
1393,2,1,6,0,1950.0,one,384,168,24,0,0,0,0,0,5,2007,112000
951,3,1,6,0,1966.0,one,271,0,65,0,0,0,0,0,6,2008,149350
1283,2,1,6,1,2007.0,three,648,144,16,0,0,0,0,0,6,2007,172500
1318,3,1,5,0,2005.0,two,576,222,32,0,0,0,0,0,5,2010,134800
441,2,1,6,1,1996.0,two,431,307,0,0,0,0,0,0,11,2008,173000
1136,2,1,3,0,-1.0,zero,0,0,0,0,0,0,0,0,7,2006,80500
1256,3,1,7,1,2003.0,two,397,178,128,0,0,0,0,0,7,2008,165400
663,1,1,4,0,2007.0,two,569,0,116,0,0,0,0,0,11,2007,199900
1433,3,1,8,1,2000.0,two,451,0,0,0,0,0,0,0,5,2008,186500
1257,4,1,9,1,2006.0,three,660,100,17,0,0,0,0,0,11,2006,219210
1296,2,1,5,0,2006.0,two,675,351,33,0,0,0,0,0,4,2006,204900
317,2,1,6,1,2006.0,two,627,156,73,0,0,0,0,0,8,2007,209500
648,4,1,7,0,1916.0,three,513,0,0,96,0,0,0,0,5,2008,98000
709,3,1,5,0,1975.0,two,552,256,0,0,0,0,0,0,7,2006,149900
1282,4,1,10,1,1990.0,two,514,192,121,0,0,0,0,0,5,2008,262280
972,3,1,7,1,2004.0,two,550,100,48,0,0,180,0,0,4,2009,240000
627,3,1,9,1,2006.0,two,422,0,100,0,0,0,0,0,9,2006,274725
632,3,1,6,1,2001.0,two,608,0,42,0,0,0,0,0,9,2008,223500
1248,3,1,6,0,1955.0,one,260,0,0,0,0,0,0,0,7,2008,135000
1423,3,1,7,1,1968.0,two,462,0,0,0,0,0,0,0,8,2009,185750
1254,3,1,5,0,-1.0,zero,0,0,0,0,0,0,0,0,8,2009,124000
1348,2,1,6,0,2004.0,two,400,0,113,0,0,0,0,0,10,2009,185000
795,2,1,5,1,1977.0,two,440,0,205,0,0,0,0,0,2,2007,128000
645,4,2,8,0,-1.0,zero,0,321,0,0,0,0,0,0,8,2007,150000
1012,1,1,3,0,-1.0,zero,0,0,0,0,0,0,0,0,8,2006,92000
556,1,1,7,1,2007.0,three,660,143,20,0,0,0,0,0,5,2009,175900
681,2,1,4,1,2000.0,two,440,0,32,0,0,0,0,0,6,2007,168500
577,4,1,8,1,2003.0,two,615,182,182,0,0,0,0,0,11,2009,263000
1109,4,1,8,1,1925.0,two,424,0,169,0,0,0,0,0,11,2009,168000
1266,4,1,9,1,1968.0,two,619,0,65,0,0,222,0,0,8,2006,250000
1183,2,1,6,0,1954.0,one,273,0,0,0,0,0,0,450,8,2007,100000
524,3,1,7,2,1942.0,one,213,0,0,0,0,224,0,0,11,2009,177500
1059,3,1,6,0,1989.0,two,490,0,0,0,0,0,0,0,5,2010,144900
540,4,1,9,1,1960.0,two,505,0,0,0,0,0,0,0,11,2008,242000
1194,3,1,5,0,1981.0,one,280,0,0,0,0,0,0,0,4,2008,110000
748,3,1,7,0,1999.0,two,480,115,0,0,0,0,0,0,8,2009,172500
1351,3,1,6,1,1997.0,two,480,302,0,0,0,100,0,0,10,2009,175000
484,2,1,4,0,1938.0,one,273,144,20,80,0,0,0,0,12,2009,91300
95,2,1,8,2,2001.0,three,804,314,140,0,0,0,0,0,3,2007,466500
1020,2,1,5,1,2000.0,two,499,212,59,0,0,0,0,0,10,2009,278000
563,2,1,6,0,1939.0,one,280,0,0,0,0,0,0,0,10,2009,105000
1264,3,1,6,0,-1.0,zero,0,0,0,0,0,0,0,0,4,2008,141000
742,2,1,5,0,1935.0,two,480,0,0,184,0,0,0,0,7,2007,100000
863,3,1,7,1,1995.0,two,400,120,72,0,0,0,0,700,5,2009,168500
891,3,1,8,1,2005.0,two,689,0,48,0,0,0,0,0,2,2009,253000
1038,3,1,5,0,1963.0,two,572,0,0,0,0,0,0,0,10,2007,128500
206,3,1,6,0,1964.0,one,468,0,128,218,0,0,0,0,7,2009,147000
392,3,1,7,1,1949.0,one,315,0,0,0,0,0,0,0,1,2007,143000
794,3,1,6,0,1962.0,one,300,150,72,0,0,0,0,0,5,2006,134500
870,2,1,6,1,2005.0,two,460,192,28,0,0,0,0,0,6,2007,194700
397,4,1,6,0,-1.0,zero,0,0,0,0,0,0,0,0,12,2006,135000
766,3,1,7,1,1964.0,two,645,180,0,0,0,0,0,0,8,2009,158000
1341,2,1,5,0,1987.0,one,280,0,0,0,0,0,0,0,9,2008,106000
1241,2,1,6,1,2006.0,two,662,168,55,0,0,0,0,0,7,2006,193879
1028,3,1,6,0,1968.0,one,281,0,0,56,0,0,0,0,7,2009,159434
642,2,1,6,2,1954.0,two,529,224,137,0,0,0,0,0,3,2008,256000
612,2,1,5,1,1970.0,two,526,0,0,0,0,176,0,0,4,2007,167000
960,3,1,6,0,2002.0,two,544,0,72,0,0,0,0,0,3,2009,227000
725,2,1,7,2,1940.0,one,256,0,70,0,0,0,0,0,6,2009,160000
683,3,1,6,0,1998.0,two,598,0,34,0,0,0,0,0,5,2010,224900
98,2,1,5,2,1975.0,two,576,200,54,0,0,0,0,0,12,2006,280000
804,3,1,6,0,2009.0,two,460,100,22,0,0,0,0,0,3,2010,186000
406,4,1,8,1,1976.0,two,528,0,28,0,0,259,0,0,3,2006,162900
502,3,1,6,1,-1.0,zero,0,144,0,0,0,0,0,0,7,2008,108000
1071,3,1,8,1,1998.0,two,583,253,170,0,0,0,0,0,6,2006,274300
1056,2,2,6,0,1949.0,two,400,0,0,0,0,0,0,0,7,2006,93500
929,3,1,6,1,1964.0,one,308,0,0,0,0,0,0,0,6,2008,155000
779,2,1,4,0,2009.0,two,676,0,102,0,0,0,0,0,9,2009,208300
200,2,1,5,1,1967.0,one,392,0,0,0,0,0,0,0,4,2010,107500
134,3,1,9,2,1974.0,two,518,220,47,0,0,0,0,0,7,2007,294000
1051,2,1,5,0,1992.0,two,529,0,0,52,0,0,0,0,7,2007,179200
40,3,1,6,1,1968.0,one,270,406,90,0,0,0,0,0,5,2010,154000
1017,4,1,8,1,1968.0,two,487,0,98,0,0,0,0,0,9,2006,170000
230,3,1,7,2,1973.0,two,484,235,204,228,0,0,0,350,11,2009,200000
378,3,1,6,0,-1.0,zero,0,0,0,286,0,0,0,0,5,2007,79000
288,3,1,5,0,1941.0,one,200,26,0,0,0,0,0,0,8,2009,66500
418,2,1,4,0,1973.0,one,352,196,0,0,0,0,0,0,1,2008,124900
391,4,1,7,0,1972.0,two,484,0,32,0,0,0,0,0,6,2007,184000
592,3,1,7,0,2002.0,two,532,192,74,0,0,0,0,0,12,2008,214000
1162,1,1,4,1,1960.0,two,564,409,0,0,0,0,0,0,3,2008,235000
1086,3,1,8,1,2006.0,two,660,123,110,0,0,0,0,0,3,2009,220000
647,2,3,8,0,-1.0,zero,0,0,0,102,0,0,0,0,6,2009,113000
1152,4,1,7,2,1941.0,one,240,0,0,0,0,126,0,0,8,2007,164000
520,3,1,6,1,1985.0,two,528,112,0,0,0,0,0,400,9,2006,114500
64,3,1,7,2,1960.0,two,572,216,110,0,0,0,0,0,6,2007,181900
14,0,1,3,0,1965.0,one,364,88,0,0,0,0,0,0,5,2006,145000
1180,2,1,4,0,1956.0,one,308,0,45,0,0,0,0,0,12,2008,97000
1064,5,1,10,1,1908.0,two,360,486,40,0,0,175,0,0,9,2008,240000
492,3,1,6,0,1925.0,one,450,0,0,112,0,120,0,620,7,2006,88000
379,3,1,6,1,1999.0,two,576,304,0,0,0,0,0,0,11,2006,168000
187,2,1,7,1,2003.0,two,420,143,20,0,0,0,0,0,10,2006,234000
763,3,1,5,0,1971.0,one,288,35,0,0,0,0,0,0,12,2007,139000
216,1,1,6,0,1977.0,two,884,0,64,0,0,0,0,0,10,2006,146000
791,3,1,8,0,2003.0,two,543,0,63,0,0,0,0,0,7,2008,224900
1076,2,1,5,0,1983.0,two,484,164,0,0,0,0,0,0,6,2006,131000
878,3,1,6,1,1949.0,one,288,0,28,0,0,0,0,0,9,2009,133000
337,3,1,6,0,1998.0,two,546,198,36,0,0,0,0,0,3,2009,197900
719,3,1,6,1,1954.0,two,539,0,0,192,0,0,0,0,7,2006,159500
295,2,1,5,0,1950.0,one,255,394,0,0,0,0,0,0,6,2006,117000
1016,2,1,5,1,1922.0,one,252,0,0,67,0,0,0,0,7,2006,137500
1275,2,1,5,0,1987.0,two,461,0,74,137,0,0,0,0,10,2007,170000
455,2,1,5,1,1999.0,two,440,0,32,0,0,0,0,0,6,2007,176000
1457,3,1,6,0,1954.0,one,260,390,0,0,0,0,0,0,7,2007,139400
815,2,1,4,0,1977.0,two,504,0,0,0,0,0,0,0,5,2006,135000
269,3,1,5,1,1988.0,two,600,224,0,0,0,0,0,0,8,2008,175000
995,3,1,6,1,1967.0,one,288,175,144,0,0,0,0,0,12,2006,123000
201,3,1,8,1,2003.0,three,968,248,105,0,0,0,0,0,6,2009,386250
161,3,1,8,1,1983.0,two,686,70,78,68,0,0,0,0,6,2008,157500
729,2,1,5,1,1954.0,two,451,0,30,0,0,0,0,0,6,2006,140000
401,1,1,5,0,1953.0,two,528,0,0,32,0,0,0,0,6,2006,79900
702,3,1,9,1,2008.0,three,846,196,134,0,0,0,0,0,8,2008,426000
1129,3,1,6,0,1997.0,two,388,0,75,0,0,0,0,0,7,2007,177000
565,3,1,7,0,2007.0,two,474,168,130,0,0,0,0,0,6,2007,225000
1021,4,1,8,1,2002.0,two,390,120,46,0,0,0,0,0,12,2009,200000
1025,4,1,7,1,1925.0,two,576,342,0,128,0,0,0,0,6,2008,136500
1104,2,1,5,1,1970.0,two,720,229,0,0,0,0,0,0,6,2006,120000
205,2,1,4,0,1962.0,two,528,0,0,0,0,0,0,0,6,2008,105500
34,3,1,7,1,1976.0,two,550,0,113,252,0,0,0,0,11,2007,197900
775,2,1,4,0,1980.0,two,672,49,0,0,0,0,0,0,8,2007,140000
508,3,1,6,0,2007.0,three,754,168,160,0,0,0,0,0,8,2007,282922
1441,3,1,7,1,1997.0,two,470,0,36,0,0,0,0,0,7,2008,181000
1390,2,1,5,0,1998.0,two,576,0,0,0,0,0,0,0,7,2006,148000
91,4,2,9,0,1968.0,three,888,0,25,0,0,0,0,0,7,2009,110000
1363,2,1,6,2,1951.0,one,288,324,42,0,0,168,0,2000,6,2009,164900
897,3,1,7,0,1974.0,two,624,0,0,0,0,0,0,0,7,2007,150750
564,2,1,5,0,1973.0,one,264,0,0,0,0,0,0,0,11,2008,100000
1369,4,1,8,1,1922.0,two,370,0,0,0,0,220,0,0,6,2008,207000
776,3,1,8,1,2005.0,two,390,36,24,0,0,0,0,0,6,2009,174000
241,4,2,8,0,-1.0,zero,0,32,45,0,0,0,0,0,9,2009,136000
13,3,1,5,0,1958.0,one,350,0,0,0,0,0,0,0,6,2009,60000
315,2,1,6,0,1990.0,two,440,0,0,0,0,0,0,0,10,2006,116000
600,2,1,6,1,2008.0,two,626,172,62,0,0,0,0,0,7,2009,230000
387,3,1,6,2,1960.0,two,461,0,0,0,0,143,0,0,4,2010,167500
1297,2,1,7,0,2007.0,two,438,0,168,0,0,0,0,0,10,2009,241000
166,3,1,5,0,2006.0,two,576,0,50,0,0,0,0,0,5,2006,158000
840,3,1,7,1,1969.0,two,540,0,73,216,0,0,0,0,12,2006,223000
20,3,1,7,0,1998.0,two,523,0,77,0,0,0,0,0,6,2010,200500
646,3,1,7,1,1921.0,one,186,192,0,102,0,0,0,0,7,2009,154900
1154,4,1,8,0,1998.0,two,621,183,0,301,0,0,0,0,5,2008,189000
831,4,1,11,1,1977.0,two,619,550,282,0,0,0,0,0,7,2008,272000
1267,2,1,5,0,1998.0,two,405,0,199,0,0,0,0,0,3,2006,153500
562,2,1,5,2,1959.0,one,308,0,104,0,0,0,0,0,7,2007,170000
1422,3,1,5,0,1977.0,two,484,0,0,0,0,288,0,0,9,2009,150500
686,3,1,5,1,1985.0,two,403,165,26,0,0,0,0,0,5,2006,180000
957,3,1,6,2,1957.0,two,442,114,0,0,0,216,0,0,6,2009,156500
189,1,1,5,0,1993.0,two,480,40,30,0,320,0,0,700,10,2009,143000
975,2,1,7,0,2007.0,two,702,288,136,0,0,0,0,0,5,2009,239000
699,3,1,6,1,1977.0,two,544,192,0,0,0,0,0,0,4,2009,82500
510,4,1,9,1,1990.0,two,750,500,0,0,0,0,0,0,6,2007,302000
1082,3,1,10,2,2003.0,three,726,400,0,0,0,0,0,0,3,2008,412500
474,4,1,11,2,1982.0,three,1014,314,12,0,0,0,0,0,5,2008,381000
856,1,1,4,0,2003.0,two,420,140,0,0,0,0,0,0,6,2009,144000
747,3,1,5,0,1962.0,one,288,168,0,0,0,0,0,0,5,2008,142000
252,3,1,6,1,2004.0,two,432,100,51,0,0,0,0,0,7,2009,188500
21,2,1,5,2,1968.0,two,576,0,0,240,0,0,0,0,7,2009,110000
1337,3,1,5,1,-1.0,zero,0,0,0,0,0,0,0,0,4,2010,115000
459,3,1,8,0,1997.0,two,532,509,135,0,0,0,0,0,10,2009,167500
1184,3,1,7,1,2006.0,two,426,100,24,0,0,0,0,0,9,2006,179665
276,2,1,5,2,1954.0,two,439,81,0,0,0,0,0,0,4,2008,241500
955,3,1,6,0,2005.0,two,484,0,0,0,0,0,0,0,3,2006,142500
1215,4,1,7,0,-1.0,zero,0,0,98,0,0,0,0,0,9,2008,79900
385,3,1,6,1,1993.0,two,420,190,63,0,0,0,0,0,5,2006,165600
805,2,1,5,0,2006.0,two,625,0,54,0,0,0,0,0,3,2008,171900
1437,3,1,5,0,1973.0,two,902,0,0,0,0,0,0,0,8,2009,148500
343,3,1,7,1,2006.0,three,908,169,39,0,0,0,0,0,7,2009,255500
769,3,1,7,0,1955.0,one,280,207,0,96,0,0,0,0,7,2006,116000
1332,3,1,7,1,2001.0,two,560,125,192,0,0,0,0,0,6,2009,215000
130,3,1,7,1,1972.0,two,583,0,104,0,0,0,0,0,8,2009,158000
871,3,1,8,1,1949.0,one,281,0,0,0,0,160,0,0,1,2009,131000
1123,4,1,8,1,1970.0,two,621,81,207,0,0,224,0,0,10,2007,268000
1396,3,1,8,1,2000.0,two,400,100,0,0,0,0,0,0,12,2007,170000
87,4,2,8,0,1979.0,two,410,0,0,0,0,0,0,0,6,2009,118964
330,2,1,6,1,2003.0,three,874,206,49,0,0,0,0,0,8,2006,374000
1238,3,1,6,0,1958.0,one,288,168,0,294,0,0,0,0,7,2006,130000
466,3,1,7,1,2006.0,three,824,144,104,0,0,0,0,0,7,2008,232000
121,2,1,5,0,1954.0,one,286,0,0,0,0,0,0,0,6,2006,118000
1044,3,1,8,1,2003.0,three,871,320,62,0,0,0,0,0,8,2008,284000
1095,4,1,7,0,-1.0,zero,0,0,192,0,0,0,0,0,11,2008,130000
1130,3,1,6,0,1964.0,two,504,0,0,0,0,0,0,0,7,2008,145000
1294,3,1,7,1,1996.0,three,889,220,0,0,0,0,0,0,7,2009,265000
860,3,1,6,1,1966.0,two,453,188,108,0,0,0,0,0,7,2006,155000
1126,4,1,9,1,1932.0,two,360,0,0,0,0,0,0,0,7,2006,239000
